EXPLAIN
TAG	EISPOT
TITLE	LABEL	Potentiostatic EIS	Test &Identifier
DATE	LABEL	4.8.2026	Date
TIME	LABEL	10:51:46	Time
NOTES	NOTES	3	&Notes...
	VVER 360/E16
	42d
	2el-316; 0,5M K2SO4
PSTAT	PSTAT	REF620-51061	Potentiostat
VDC	POTEN	0,00000E+000	T	DC &Voltage (V)
FREQINIT	QUANT	1,00000E+006	Initial Fre&q. (Hz)
FREQFINAL	QUANT	1,00000E-003	Final Fre&q. (Hz)
PTSPERDEC	QUANT	1,00000E+001	Points/&decade
VAC	QUANT	1,00000E+001	AC &Voltage (mV rms)
AREA	QUANT	1,00000E+000	&Area (cm^2)
CONDIT	TWOPARAM	F	1,50000E+001	0,00000E+000	Conditionin&g	Time(s)	E(V)
DELAY	TWOPARAM	T	3,60000E+003	0,00000E+000	Init. De&lay	Time(s)	Stab.(mV/s)
SPEED	SELECTOR	1	&Optimize for:
THD	SELECTOR	0	T&HD
DRIFTCOR	SELECTOR	0	&Drift Correction
ZGUESS	QUANT	3,00000E+003	E&stimated Z (ohms)
OCVCURVE	TABLE	1434
	Pt	T	Vf	Vm	Ach	Over	Temp
	#	s	V vs. Ref.	V	V	bits	deg C
	0	2,51	1,73860E-001	1,73860E-001	3,93749E-004	...........	-327,67
	1	5,02	1,73861E-001	1,73874E-001	3,94610E-004	...........	-327,67
	2	7,53	1,73862E-001	1,73850E-001	3,93649E-004	...........	-327,67
	3	10,04	1,73862E-001	1,73830E-001	3,92295E-004	...........	-327,67
	4	12,55	1,73859E-001	1,73843E-001	3,91942E-004	...........	-327,67
	5	15,06	1,73851E-001	1,73818E-001	3,91008E-004	...........	-327,67
	6	17,57	1,73843E-001	1,73819E-001	3,91928E-004	...........	-327,67
	7	20,08	1,73834E-001	1,73814E-001	3,90588E-004	...........	-327,67
	8	22,59	1,73826E-001	1,73804E-001	3,91755E-004	...........	-327,67
	9	25,1	1,73819E-001	1,73793E-001	3,90888E-004	...........	-327,67
	10	27,61	1,73812E-001	1,73785E-001	3,91508E-004	...........	-327,67
	11	30,12	1,73804E-001	1,73775E-001	3,92142E-004	...........	-327,67
	12	32,63	1,73795E-001	1,73769E-001	3,91368E-004	...........	-327,67
	13	35,14	1,73786E-001	1,73757E-001	3,90001E-004	...........	-327,67
	14	37,65	1,73777E-001	1,73753E-001	3,91315E-004	...........	-327,67
	15	40,16	1,73768E-001	1,73746E-001	3,91662E-004	...........	-327,67
	16	42,67	1,73760E-001	1,73734E-001	3,90528E-004	...........	-327,67
	17	45,18	1,73753E-001	1,73726E-001	3,91035E-004	...........	-327,67
	18	47,69	1,73744E-001	1,73716E-001	3,91988E-004	...........	-327,67
	19	50,2	1,73736E-001	1,73709E-001	3,92776E-004	...........	-327,67
	20	52,71	1,73727E-001	1,73706E-001	3,92102E-004	...........	-327,67
	21	55,22	1,73719E-001	1,73697E-001	3,93209E-004	...........	-327,67
	22	57,73	1,73711E-001	1,73687E-001	3,93249E-004	...........	-327,67
	23	60,24	1,73704E-001	1,73681E-001	3,92595E-004	...........	-327,67
	24	62,75	1,73697E-001	1,73670E-001	3,93743E-004	...........	-327,67
	25	65,26	1,73689E-001	1,73665E-001	3,91895E-004	...........	-327,67
	26	67,77	1,73681E-001	1,73657E-001	3,92175E-004	...........	-327,67
	27	70,28	1,73673E-001	1,73655E-001	3,90595E-004	...........	-327,67
	28	72,79	1,73665E-001	1,73633E-001	3,91135E-004	...........	-327,67
	29	75,3	1,73658E-001	1,73627E-001	3,93156E-004	...........	-327,67
	30	77,81	1,73649E-001	1,73617E-001	3,90488E-004	...........	-327,67
	31	80,32	1,73638E-001	1,73609E-001	3,91962E-004	...........	-327,67
	32	82,83	1,73628E-001	1,73602E-001	3,92355E-004	...........	-327,67
	33	85,34	1,73619E-001	1,73588E-001	3,90548E-004	...........	-327,67
	34	87,85	1,73609E-001	1,73579E-001	3,91982E-004	...........	-327,67
	35	90,36	1,73600E-001	1,73571E-001	3,90881E-004	...........	-327,67
	36	92,87	1,73590E-001	1,73564E-001	3,89014E-004	...........	-327,67
	37	95,38	1,73581E-001	1,73554E-001	3,92035E-004	...........	-327,67
	38	97,89	1,73572E-001	1,73548E-001	3,91235E-004	...........	-327,67
	39	100,4	1,73564E-001	1,73540E-001	3,91222E-004	...........	-327,67
	40	102,91	1,73556E-001	1,73531E-001	3,91982E-004	...........	-327,67
	41	105,42	1,73548E-001	1,73519E-001	3,91528E-004	...........	-327,67
	42	107,93	1,73540E-001	1,73510E-001	3,91368E-004	...........	-327,67
	43	110,44	1,73530E-001	1,73506E-001	3,91975E-004	...........	-327,67
	44	112,95	1,73521E-001	1,73493E-001	3,92769E-004	...........	-327,67
	45	115,46	1,73512E-001	1,73483E-001	3,92589E-004	...........	-327,67
	46	117,97	1,73504E-001	1,73474E-001	3,91628E-004	...........	-327,67
	47	120,48	1,73494E-001	1,73466E-001	3,91468E-004	...........	-327,67
	48	122,99	1,73485E-001	1,73456E-001	3,92802E-004	...........	-327,67
	49	125,5	1,73476E-001	1,73448E-001	3,92809E-004	...........	-327,67
	50	128,01	1,73466E-001	1,73440E-001	3,92629E-004	...........	-327,67
	51	130,52	1,73458E-001	1,73431E-001	3,91602E-004	...........	-327,67
	52	133,03	1,73449E-001	1,73420E-001	3,90995E-004	...........	-327,67
	53	135,54	1,73440E-001	1,73411E-001	3,91355E-004	...........	-327,67
	54	138,05	1,73431E-001	1,73399E-001	3,91468E-004	...........	-327,67
	55	140,56	1,73421E-001	1,73390E-001	3,91295E-004	...........	-327,67
	56	143,07	1,73411E-001	1,73385E-001	3,93476E-004	...........	-327,67
	57	145,58	1,73402E-001	1,73375E-001	3,92575E-004	...........	-327,67
	58	148,09	1,73393E-001	1,73367E-001	3,93102E-004	...........	-327,67
	59	150,6	1,73384E-001	1,73359E-001	3,91835E-004	...........	-327,67
	60	153,11	1,73376E-001	1,73348E-001	3,91035E-004	...........	-327,67
	61	155,62	1,73367E-001	1,73339E-001	3,91542E-004	...........	-327,67
	62	158,13	1,73359E-001	1,73330E-001	3,93029E-004	...........	-327,67
	63	160,64	1,73349E-001	1,73317E-001	3,90768E-004	...........	-327,67
	64	163,15	1,73340E-001	1,73310E-001	3,91782E-004	...........	-327,67
	65	165,66	1,73330E-001	1,73301E-001	3,91475E-004	...........	-327,67
	66	168,17	1,73320E-001	1,73290E-001	3,92535E-004	...........	-327,67
	67	170,68	1,73310E-001	1,73281E-001	3,91335E-004	...........	-327,67
	68	173,19	1,73301E-001	1,73272E-001	3,91021E-004	...........	-327,67
	69	175,7	1,73291E-001	1,73260E-001	3,91322E-004	...........	-327,67
	70	178,21	1,73281E-001	1,73249E-001	3,93156E-004	...........	-327,67
	71	180,72	1,73271E-001	1,73243E-001	3,89941E-004	...........	-327,67
	72	183,23	1,73261E-001	1,73230E-001	3,90961E-004	...........	-327,67
	73	185,74	1,73251E-001	1,73220E-001	3,92089E-004	...........	-327,67
	74	188,25	1,73242E-001	1,73214E-001	3,91522E-004	...........	-327,67
	75	190,76	1,73232E-001	1,73204E-001	3,90234E-004	...........	-327,67
	76	193,27	1,73223E-001	1,73192E-001	3,91161E-004	...........	-327,67
	77	195,78	1,73213E-001	1,73183E-001	3,90541E-004	...........	-327,67
	78	198,29	1,73204E-001	1,73174E-001	3,91035E-004	...........	-327,67
	79	200,8	1,73194E-001	1,73162E-001	3,92182E-004	...........	-327,67
	80	203,31	1,73184E-001	1,73156E-001	3,91248E-004	...........	-327,67
	81	205,82	1,73174E-001	1,73145E-001	3,92102E-004	...........	-327,67
	82	208,33	1,73165E-001	1,73135E-001	3,89134E-004	...........	-327,67
	83	210,84	1,73155E-001	1,73128E-001	3,90348E-004	...........	-327,67
	84	213,35	1,73146E-001	1,73115E-001	3,91802E-004	...........	-327,67
	85	215,86	1,73136E-001	1,73108E-001	3,90961E-004	...........	-327,67
	86	218,37	1,73127E-001	1,73099E-001	3,90655E-004	...........	-327,67
	87	220,88	1,73117E-001	1,73090E-001	3,89214E-004	...........	-327,67
	88	223,39	1,73108E-001	1,73080E-001	3,89541E-004	...........	-327,67
	89	225,9	1,73099E-001	1,73070E-001	3,89647E-004	...........	-327,67
	90	228,41	1,73090E-001	1,73061E-001	3,90488E-004	...........	-327,67
	91	230,92	1,73081E-001	1,73049E-001	3,91488E-004	...........	-327,67
	92	233,43	1,73071E-001	1,73043E-001	3,90341E-004	...........	-327,67
	93	235,94	1,73061E-001	1,73031E-001	3,90428E-004	...........	-327,67
	94	238,45	1,73051E-001	1,73024E-001	3,91108E-004	...........	-327,67
	95	240,96	1,73042E-001	1,73012E-001	3,90948E-004	...........	-327,67
	96	243,47	1,73033E-001	1,73004E-001	3,90775E-004	...........	-327,67
	97	245,98	1,73023E-001	1,72996E-001	3,90808E-004	...........	-327,67
	98	248,49	1,73014E-001	1,72985E-001	3,90975E-004	...........	-327,67
	99	251	1,73005E-001	1,72977E-001	3,91068E-004	...........	-327,67
	100	253,51	1,72995E-001	1,72964E-001	3,90741E-004	...........	-327,67
	101	256,02	1,72986E-001	1,72953E-001	3,90048E-004	...........	-327,67
	102	258,53	1,72976E-001	1,72944E-001	3,90828E-004	...........	-327,67
	103	261,04	1,72966E-001	1,72939E-001	3,92009E-004	...........	-327,67
	104	263,55	1,72956E-001	1,72929E-001	3,90941E-004	...........	-327,67
	105	266,06	1,72946E-001	1,72917E-001	3,91822E-004	...........	-327,67
	106	268,57	1,72937E-001	1,72908E-001	3,92856E-004	...........	-327,67
	107	271,08	1,72928E-001	1,72900E-001	3,91075E-004	...........	-327,67
	108	273,59	1,72919E-001	1,72888E-001	3,91141E-004	...........	-327,67
	109	276,1	1,72909E-001	1,72880E-001	3,91095E-004	...........	-327,67
	110	278,61	1,72899E-001	1,72870E-001	3,92942E-004	...........	-327,67
	111	281,12	1,72890E-001	1,72860E-001	3,90555E-004	...........	-327,67
	112	283,63	1,72880E-001	1,72850E-001	3,89387E-004	...........	-327,67
	113	286,14	1,72871E-001	1,72843E-001	3,89654E-004	...........	-327,67
	114	288,65	1,72861E-001	1,72832E-001	3,89434E-004	...........	-327,67
	115	291,16	1,72852E-001	1,72825E-001	3,90668E-004	...........	-327,67
	116	293,67	1,72843E-001	1,72813E-001	3,90374E-004	...........	-327,67
	117	296,18	1,72834E-001	1,72830E-001	3,89587E-004	...........	-327,67
	118	298,69	1,72827E-001	1,72797E-001	3,90575E-004	...........	-327,67
	119	301,2	1,72821E-001	1,72782E-001	3,91222E-004	...........	-327,67
	120	303,71	1,72813E-001	1,72775E-001	3,89707E-004	...........	-327,67
	121	306,22	1,72801E-001	1,72764E-001	3,92062E-004	...........	-327,67
	122	308,73	1,72788E-001	1,72756E-001	3,90348E-004	...........	-327,67
	123	311,24	1,72777E-001	1,72747E-001	3,90761E-004	...........	-327,67
	124	313,75	1,72766E-001	1,72737E-001	3,92542E-004	...........	-327,67
	125	316,26	1,72756E-001	1,72731E-001	3,92489E-004	...........	-327,67
	126	318,77	1,72748E-001	1,72721E-001	3,92756E-004	...........	-327,67
	127	321,28	1,72739E-001	1,72711E-001	3,91975E-004	...........	-327,67
	128	323,79	1,72730E-001	1,72702E-001	3,93116E-004	...........	-327,67
	129	326,3	1,72721E-001	1,72691E-001	3,91882E-004	...........	-327,67
	130	328,81	1,72712E-001	1,72681E-001	3,92202E-004	...........	-327,67
	131	331,32	1,72702E-001	1,72670E-001	3,93663E-004	...........	-327,67
	132	333,83	1,72692E-001	1,72662E-001	3,93756E-004	...........	-327,67
	133	336,34	1,72682E-001	1,72656E-001	3,95037E-004	...........	-327,67
	134	338,85	1,72673E-001	1,72647E-001	3,92756E-004	...........	-327,67
	135	341,36	1,72664E-001	1,72639E-001	3,92502E-004	...........	-327,67
	136	343,87	1,72656E-001	1,72626E-001	3,92329E-004	...........	-327,67
	137	346,38	1,72647E-001	1,72618E-001	3,95343E-004	...........	-327,67
	138	348,89	1,72638E-001	1,72604E-001	3,92315E-004	...........	-327,67
	139	351,4	1,72628E-001	1,72598E-001	3,94556E-004	...........	-327,67
	140	353,91	1,72618E-001	1,72588E-001	3,92129E-004	...........	-327,67
	141	356,42	1,72608E-001	1,72579E-001	3,93723E-004	...........	-327,67
	142	358,93	1,72598E-001	1,72568E-001	3,92669E-004	...........	-327,67
	143	361,44	1,72589E-001	1,72558E-001	3,93236E-004	...........	-327,67
	144	363,95	1,72579E-001	1,72549E-001	3,92769E-004	...........	-327,67
	145	366,46	1,72569E-001	1,72537E-001	3,93249E-004	...........	-327,67
	146	368,97	1,72559E-001	1,72529E-001	3,92989E-004	...........	-327,67
	147	371,48	1,72549E-001	1,72518E-001	3,93076E-004	...........	-327,67
	148	373,99	1,72539E-001	1,72511E-001	3,93196E-004	...........	-327,67
	149	376,5	1,72529E-001	1,72500E-001	3,93182E-004	...........	-327,67
	150	379,01	1,72520E-001	1,72490E-001	3,91408E-004	...........	-327,67
	151	381,52	1,72510E-001	1,72483E-001	3,93636E-004	...........	-327,67
	152	384,03	1,72501E-001	1,72472E-001	3,93523E-004	...........	-327,67
	153	386,54	1,72492E-001	1,72462E-001	3,92882E-004	...........	-327,67
	154	389,05	1,72482E-001	1,72452E-001	3,91988E-004	...........	-327,67
	155	391,56	1,72473E-001	1,72443E-001	3,92969E-004	...........	-327,67
	156	394,07	1,72463E-001	1,72433E-001	3,93249E-004	...........	-327,67
	157	396,58	1,72453E-001	1,72425E-001	3,93322E-004	...........	-327,67
	158	399,09	1,72444E-001	1,72415E-001	3,94243E-004	...........	-327,67
	159	401,6	1,72434E-001	1,72401E-001	3,92616E-004	...........	-327,67
	160	404,11	1,72425E-001	1,72395E-001	3,92175E-004	...........	-327,67
	161	406,62	1,72415E-001	1,72386E-001	3,90835E-004	...........	-327,67
	162	409,13	1,72405E-001	1,72374E-001	3,92209E-004	...........	-327,67
	163	411,64	1,72395E-001	1,72367E-001	3,91335E-004	...........	-327,67
	164	414,15	1,72386E-001	1,72355E-001	3,92055E-004	...........	-327,67
	165	416,66	1,72376E-001	1,72347E-001	3,90501E-004	...........	-327,67
	166	419,17	1,72367E-001	1,72340E-001	3,91548E-004	...........	-327,67
	167	421,68	1,72357E-001	1,72329E-001	3,90968E-004	...........	-327,67
	168	424,19	1,72348E-001	1,72319E-001	3,90881E-004	...........	-327,67
	169	426,7	1,72339E-001	1,72311E-001	3,90381E-004	...........	-327,67
	170	429,21	1,72330E-001	1,72300E-001	3,92349E-004	...........	-327,67
	171	431,72	1,72320E-001	1,72292E-001	3,93316E-004	...........	-327,67
	172	434,23	1,72311E-001	1,72280E-001	3,92575E-004	...........	-327,67
	173	436,74	1,72301E-001	1,72271E-001	3,92929E-004	...........	-327,67
	174	439,25	1,72292E-001	1,72261E-001	3,91682E-004	...........	-327,67
	175	441,76	1,72282E-001	1,72252E-001	3,92475E-004	...........	-327,67
	176	444,27	1,72272E-001	1,72243E-001	3,89754E-004	...........	-327,67
	177	446,78	1,72262E-001	1,72235E-001	3,91195E-004	...........	-327,67
	178	449,29	1,72253E-001	1,72224E-001	3,93156E-004	...........	-327,67
	179	451,8	1,72244E-001	1,72215E-001	3,92782E-004	...........	-327,67
	180	454,31	1,72235E-001	1,72207E-001	3,90214E-004	...........	-327,67
	181	456,82	1,72225E-001	1,72198E-001	3,91241E-004	...........	-327,67
	182	459,33	1,72216E-001	1,72187E-001	3,90801E-004	...........	-327,67
	183	461,84	1,72207E-001	1,72180E-001	3,91408E-004	...........	-327,67
	184	464,35	1,72198E-001	1,72168E-001	3,91061E-004	...........	-327,67
	185	466,86	1,72189E-001	1,72158E-001	3,92269E-004	...........	-327,67
	186	469,37	1,72179E-001	1,72151E-001	3,92669E-004	...........	-327,67
	187	471,88	1,72169E-001	1,72139E-001	3,92742E-004	...........	-327,67
	188	474,39	1,72160E-001	1,72133E-001	3,92055E-004	...........	-327,67
	189	476,9	1,72151E-001	1,72122E-001	3,90928E-004	...........	-327,67
	190	479,41	1,72141E-001	1,72112E-001	3,91435E-004	...........	-327,67
	191	481,92	1,72132E-001	1,72105E-001	3,89100E-004	...........	-327,67
	192	484,43	1,72123E-001	1,72097E-001	3,90494E-004	...........	-327,67
	193	486,94	1,72114E-001	1,72086E-001	3,91642E-004	...........	-327,67
	194	489,45	1,72105E-001	1,72078E-001	3,91035E-004	...........	-327,67
	195	491,96	1,72097E-001	1,72071E-001	3,90414E-004	...........	-327,67
	196	494,47	1,72088E-001	1,72064E-001	3,90968E-004	...........	-327,67
	197	496,98	1,72079E-001	1,72053E-001	3,90361E-004	...........	-327,67
	198	499,49	1,72071E-001	1,72045E-001	3,90321E-004	...........	-327,67
	199	502	1,72063E-001	1,72041E-001	3,90801E-004	...........	-327,67
	200	504,51	1,72055E-001	1,72028E-001	3,90208E-004	...........	-327,67
	201	507,02	1,72047E-001	1,72022E-001	3,90481E-004	...........	-327,67
	202	509,53	1,72039E-001	1,72007E-001	3,91095E-004	...........	-327,67
	203	512,04	1,72030E-001	1,72001E-001	3,91562E-004	...........	-327,67
	204	514,55	1,72020E-001	1,71989E-001	3,92656E-004	...........	-327,67
	205	517,06	1,72011E-001	1,71982E-001	3,92175E-004	...........	-327,67
	206	519,57	1,72001E-001	1,71971E-001	3,92349E-004	...........	-327,67
	207	522,08	1,71991E-001	1,71962E-001	3,93322E-004	...........	-327,67
	208	524,59	1,71982E-001	1,71952E-001	3,93963E-004	...........	-327,67
	209	527,1	1,71972E-001	1,71941E-001	3,93789E-004	...........	-327,67
	210	529,61	1,71963E-001	1,71934E-001	3,93383E-004	...........	-327,67
	211	532,12	1,71953E-001	1,71921E-001	3,94456E-004	...........	-327,67
	212	534,63	1,71943E-001	1,71911E-001	3,92629E-004	...........	-327,67
	213	537,14	1,71933E-001	1,71903E-001	3,94143E-004	...........	-327,67
	214	539,65	1,71923E-001	1,71892E-001	3,92796E-004	...........	-327,67
	215	542,16	1,71913E-001	1,71886E-001	3,93082E-004	...........	-327,67
	216	544,67	1,71903E-001	1,71874E-001	3,92035E-004	...........	-327,67
	217	547,18	1,71894E-001	1,71866E-001	3,92369E-004	...........	-327,67
	218	549,69	1,71885E-001	1,71856E-001	3,92502E-004	...........	-327,67
	219	552,2	1,71876E-001	1,71848E-001	3,91015E-004	...........	-327,67
	220	554,71	1,71866E-001	1,71841E-001	3,92989E-004	...........	-327,67
	221	557,22	1,71857E-001	1,71829E-001	3,93689E-004	...........	-327,67
	222	559,73	1,71849E-001	1,71821E-001	3,92015E-004	...........	-327,67
	223	562,24	1,71840E-001	1,71812E-001	3,92175E-004	...........	-327,67
	224	564,75	1,71831E-001	1,71801E-001	3,93456E-004	...........	-327,67
	225	567,26	1,71821E-001	1,71790E-001	3,94116E-004	...........	-327,67
	226	569,77	1,71812E-001	1,71778E-001	3,91888E-004	...........	-327,67
	227	572,28	1,71801E-001	1,71769E-001	3,92402E-004	...........	-327,67
	228	574,79	1,71791E-001	1,71763E-001	3,92109E-004	...........	-327,67
	229	577,3	1,71781E-001	1,71753E-001	3,91028E-004	...........	-327,67
	230	579,81	1,71771E-001	1,71743E-001	3,91508E-004	...........	-327,67
	231	582,32	1,71762E-001	1,71737E-001	3,92796E-004	...........	-327,67
	232	584,83	1,71753E-001	1,71727E-001	3,92309E-004	...........	-327,67
	233	587,34	1,71745E-001	1,71718E-001	3,93049E-004	...........	-327,67
	234	589,85	1,71736E-001	1,71707E-001	3,94396E-004	...........	-327,67
	235	592,36	1,71727E-001	1,71700E-001	3,94063E-004	...........	-327,67
	236	594,87	1,71718E-001	1,71690E-001	3,93376E-004	...........	-327,67
	237	597,38	1,71709E-001	1,71679E-001	3,93322E-004	...........	-327,67
	238	599,89	1,71699E-001	1,71669E-001	3,93296E-004	...........	-327,67
	239	602,4	1,71690E-001	1,71658E-001	3,93202E-004	...........	-327,67
	240	604,91	1,71680E-001	1,71647E-001	3,92722E-004	...........	-327,67
	241	607,42	1,71669E-001	1,71638E-001	3,91962E-004	...........	-327,67
	242	609,93	1,71659E-001	1,71630E-001	3,91155E-004	...........	-327,67
	243	612,44	1,71649E-001	1,71621E-001	3,93296E-004	...........	-327,67
	244	614,95	1,71640E-001	1,71611E-001	3,92275E-004	...........	-327,67
	245	617,46	1,71630E-001	1,71597E-001	3,90988E-004	...........	-327,67
	246	619,97	1,71621E-001	1,71591E-001	3,92109E-004	...........	-327,67
	247	622,48	1,71611E-001	1,71581E-001	3,92129E-004	...........	-327,67
	248	624,99	1,71601E-001	1,71573E-001	3,92769E-004	...........	-327,67
	249	627,5	1,71591E-001	1,71562E-001	3,91575E-004	...........	-327,67
	250	630,01	1,71582E-001	1,71553E-001	3,92509E-004	...........	-327,67
	251	632,52	1,71572E-001	1,71543E-001	3,91915E-004	...........	-327,67
	252	635,03	1,71563E-001	1,71537E-001	3,91815E-004	...........	-327,67
	253	637,54	1,71554E-001	1,71526E-001	3,92502E-004	...........	-327,67
	254	640,05	1,71545E-001	1,71517E-001	3,92582E-004	...........	-327,67
	255	642,56	1,71536E-001	1,71506E-001	3,92662E-004	...........	-327,67
	256	645,07	1,71527E-001	1,71500E-001	3,91568E-004	...........	-327,67
	257	647,58	1,71517E-001	1,71487E-001	3,92736E-004	...........	-327,67
	258	650,09	1,71508E-001	1,71479E-001	3,92022E-004	...........	-327,67
	259	652,6	1,71498E-001	1,71467E-001	3,93536E-004	...........	-327,67
	260	655,11	1,71489E-001	1,71461E-001	3,93689E-004	...........	-327,67
	261	657,62	1,71479E-001	1,71449E-001	3,93022E-004	...........	-327,67
	262	660,13	1,71470E-001	1,71444E-001	3,92075E-004	...........	-327,67
	263	662,64	1,71461E-001	1,71438E-001	3,93749E-004	...........	-327,67
	264	665,15	1,71452E-001	1,71420E-001	3,94410E-004	...........	-327,67
	265	667,66	1,71443E-001	1,71409E-001	3,93909E-004	...........	-327,67
	266	670,17	1,71434E-001	1,71401E-001	3,93749E-004	...........	-327,67
	267	672,68	1,71423E-001	1,71393E-001	3,93869E-004	...........	-327,67
	268	675,19	1,71412E-001	1,71382E-001	3,92355E-004	...........	-327,67
	269	677,7	1,71402E-001	1,71373E-001	3,90514E-004	...........	-327,67
	270	680,21	1,71393E-001	1,71359E-001	3,92262E-004	...........	-327,67
	271	682,72	1,71383E-001	1,71354E-001	3,92409E-004	...........	-327,67
	272	685,23	1,71373E-001	1,71346E-001	3,91415E-004	...........	-327,67
	273	687,74	1,71363E-001	1,71341E-001	3,92736E-004	...........	-327,67
	274	690,25	1,71355E-001	1,71329E-001	3,92375E-004	...........	-327,67
	275	692,76	1,71347E-001	1,71326E-001	3,92062E-004	...........	-327,67
	276	695,27	1,71339E-001	1,71310E-001	3,92549E-004	...........	-327,67
	277	697,78	1,71332E-001	1,71326E-001	3,90261E-004	...........	-327,67
	278	700,29	1,71325E-001	1,71286E-001	3,90154E-004	...........	-327,67
	279	702,8	1,71318E-001	1,71278E-001	3,90875E-004	...........	-327,67
	280	705,31	1,71308E-001	1,71271E-001	3,91468E-004	...........	-327,67
	281	707,82	1,71295E-001	1,71264E-001	3,90288E-004	...........	-327,67
	282	710,33	1,71283E-001	1,71255E-001	3,87833E-004	...........	-327,67
	283	712,84	1,71273E-001	1,71247E-001	3,90088E-004	...........	-327,67
	284	715,35	1,71264E-001	1,71237E-001	3,89174E-004	...........	-327,67
	285	717,86	1,71255E-001	1,71228E-001	3,91375E-004	...........	-327,67
	286	720,37	1,71247E-001	1,71221E-001	3,92982E-004	...........	-327,67
	287	722,88	1,71238E-001	1,71213E-001	3,89941E-004	...........	-327,67
	288	725,39	1,71230E-001	1,71202E-001	3,92215E-004	...........	-327,67
	289	727,9	1,71221E-001	1,71198E-001	3,90361E-004	...........	-327,67
	290	730,41	1,71213E-001	1,71181E-001	3,90788E-004	...........	-327,67
	291	732,92	1,71204E-001	1,71184E-001	3,92089E-004	...........	-327,67
	292	735,43	1,71196E-001	1,71168E-001	3,92335E-004	...........	-327,67
	293	737,94	1,71187E-001	1,71160E-001	3,93403E-004	...........	-327,67
	294	740,45	1,71179E-001	1,71149E-001	3,90901E-004	...........	-327,67
	295	742,96	1,71170E-001	1,71142E-001	3,91241E-004	...........	-327,67
	296	745,47	1,71161E-001	1,71133E-001	3,92589E-004	...........	-327,67
	297	747,98	1,71151E-001	1,71121E-001	3,90094E-004	...........	-327,67
	298	750,49	1,71142E-001	1,71113E-001	3,89774E-004	...........	-327,67
	299	753	1,71133E-001	1,71107E-001	3,90895E-004	...........	-327,67
	300	755,51	1,71123E-001	1,71094E-001	3,91722E-004	...........	-327,67
	301	758,02	1,71114E-001	1,71092E-001	3,92455E-004	...........	-327,67
	302	760,53	1,71106E-001	1,71078E-001	3,93376E-004	...........	-327,67
	303	763,04	1,71097E-001	1,71070E-001	3,92255E-004	...........	-327,67
	304	765,55	1,71089E-001	1,71059E-001	3,93136E-004	...........	-327,67
	305	768,06	1,71080E-001	1,71049E-001	3,91828E-004	...........	-327,67
	306	770,57	1,71070E-001	1,71040E-001	3,92489E-004	...........	-327,67
	307	773,08	1,71060E-001	1,71031E-001	3,92175E-004	...........	-327,67
	308	775,59	1,71051E-001	1,71020E-001	3,92482E-004	...........	-327,67
	309	778,1	1,71041E-001	1,71016E-001	3,93349E-004	...........	-327,67
	310	780,61	1,71032E-001	1,71007E-001	3,93589E-004	...........	-327,67
	311	783,12	1,71023E-001	1,70996E-001	3,92629E-004	...........	-327,67
	312	785,63	1,71015E-001	1,70987E-001	3,92616E-004	...........	-327,67
	313	788,14	1,71006E-001	1,70978E-001	3,93209E-004	...........	-327,67
	314	790,65	1,70997E-001	1,70968E-001	3,91688E-004	...........	-327,67
	315	793,16	1,70988E-001	1,70960E-001	3,91782E-004	...........	-327,67
	316	795,67	1,70979E-001	1,70948E-001	3,91268E-004	...........	-327,67
	317	798,18	1,70969E-001	1,70941E-001	3,91428E-004	...........	-327,67
	318	800,69	1,70960E-001	1,70934E-001	3,92916E-004	...........	-327,67
	319	803,2	1,70951E-001	1,70927E-001	3,92689E-004	...........	-327,67
	320	805,71	1,70943E-001	1,70915E-001	3,92122E-004	...........	-327,67
	321	808,22	1,70934E-001	1,70908E-001	3,92716E-004	...........	-327,67
	322	810,73	1,70926E-001	1,70899E-001	3,92849E-004	...........	-327,67
	323	813,24	1,70917E-001	1,70892E-001	3,91915E-004	...........	-327,67
	324	815,75	1,70909E-001	1,70879E-001	3,92022E-004	...........	-327,67
	325	818,26	1,70900E-001	1,70868E-001	3,92702E-004	...........	-327,67
	326	820,77	1,70890E-001	1,70862E-001	3,93509E-004	...........	-327,67
	327	823,28	1,70881E-001	1,70854E-001	3,92482E-004	...........	-327,67
	328	825,79	1,70871E-001	1,70845E-001	3,93236E-004	...........	-327,67
	329	828,3	1,70862E-001	1,70834E-001	3,90835E-004	...........	-327,67
	330	830,81	1,70854E-001	1,70822E-001	3,90815E-004	...........	-327,67
	331	833,32	1,70844E-001	1,70813E-001	3,90741E-004	...........	-327,67
	332	835,83	1,70834E-001	1,70808E-001	3,90808E-004	...........	-327,67
	333	838,34	1,70825E-001	1,70799E-001	3,90788E-004	...........	-327,67
	334	840,85	1,70816E-001	1,70789E-001	3,90254E-004	...........	-327,67
	335	843,36	1,70807E-001	1,70781E-001	3,91782E-004	...........	-327,67
	336	845,87	1,70798E-001	1,70772E-001	3,91775E-004	...........	-327,67
	337	848,38	1,70790E-001	1,70765E-001	3,91615E-004	...........	-327,67
	338	850,89	1,70781E-001	1,70753E-001	3,93222E-004	...........	-327,67
	339	853,4	1,70773E-001	1,70744E-001	3,91135E-004	...........	-327,67
	340	855,91	1,70764E-001	1,70736E-001	3,93322E-004	...........	-327,67
	341	858,42	1,70755E-001	1,70732E-001	3,91375E-004	...........	-327,67
	342	860,93	1,70746E-001	1,70722E-001	3,92842E-004	...........	-327,67
	343	863,44	1,70738E-001	1,70712E-001	3,92089E-004	...........	-327,67
	344	865,95	1,70730E-001	1,70697E-001	3,92736E-004	...........	-327,67
	345	868,46	1,70721E-001	1,70692E-001	3,91628E-004	...........	-327,67
	346	870,97	1,70712E-001	1,70685E-001	3,92515E-004	...........	-327,67
	347	873,48	1,70702E-001	1,70676E-001	3,92782E-004	...........	-327,67
	348	875,99	1,70693E-001	1,70665E-001	3,94003E-004	...........	-327,67
	349	878,5	1,70684E-001	1,70657E-001	3,93229E-004	...........	-327,67
	350	881,01	1,70676E-001	1,70649E-001	3,91828E-004	...........	-327,67
	351	883,52	1,70667E-001	1,70640E-001	3,92369E-004	...........	-327,67
	352	886,03	1,70658E-001	1,70636E-001	3,90981E-004	...........	-327,67
	353	888,54	1,70650E-001	1,70644E-001	3,91041E-004	...........	-327,67
	354	891,05	1,70645E-001	1,70657E-001	3,92756E-004	...........	-327,67
	355	893,56	1,70644E-001	1,70676E-001	3,91762E-004	...........	-327,67
	356	896,07	1,70649E-001	1,70692E-001	3,91828E-004	...........	-327,67
	357	898,58	1,70659E-001	1,70699E-001	3,90461E-004	...........	-327,67
	358	901,09	1,70672E-001	1,70696E-001	3,91415E-004	...........	-327,67
	359	903,6	1,70682E-001	1,70598E-001	3,92182E-004	...........	-327,67
	360	906,11	1,70682E-001	1,70659E-001	3,90054E-004	...........	-327,67
	361	908,62	1,70670E-001	1,70690E-001	3,91868E-004	...........	-327,67
	362	911,13	1,70660E-001	1,70677E-001	3,90374E-004	...........	-327,67
	363	913,64	1,70661E-001	1,70713E-001	3,91868E-004	...........	-327,67
	364	916,15	1,70671E-001	1,70656E-001	3,90348E-004	...........	-327,67
	365	918,66	1,70679E-001	1,70649E-001	3,90268E-004	...........	-327,67
	366	921,17	1,70679E-001	1,70644E-001	3,93109E-004	...........	-327,67
	367	923,68	1,70670E-001	1,70634E-001	3,90441E-004	...........	-327,67
	368	926,19	1,70657E-001	1,70622E-001	3,89487E-004	...........	-327,67
	369	928,7	1,70645E-001	1,70614E-001	3,91068E-004	...........	-327,67
	370	931,21	1,70634E-001	1,70606E-001	3,88814E-004	...........	-327,67
	371	933,72	1,70624E-001	1,70599E-001	3,91055E-004	...........	-327,67
	372	936,23	1,70615E-001	1,70592E-001	3,89234E-004	...........	-327,67
	373	938,74	1,70607E-001	1,70587E-001	3,90321E-004	...........	-327,67
	374	941,25	1,70600E-001	1,70574E-001	3,90348E-004	...........	-327,67
	375	943,76	1,70592E-001	1,70568E-001	3,88767E-004	...........	-327,67
	376	946,27	1,70585E-001	1,70559E-001	3,89681E-004	...........	-327,67
	377	948,78	1,70576E-001	1,70538E-001	3,92522E-004	...........	-327,67
	378	951,29	1,70567E-001	1,70538E-001	3,90781E-004	...........	-327,67
	379	953,8	1,70556E-001	1,70532E-001	3,90781E-004	...........	-327,67
	380	956,31	1,70546E-001	1,70523E-001	3,90468E-004	...........	-327,67
	381	958,82	1,70538E-001	1,70513E-001	3,91795E-004	...........	-327,67
	382	961,33	1,70530E-001	1,70508E-001	3,90101E-004	...........	-327,67
	383	963,84	1,70523E-001	1,70498E-001	3,90154E-004	...........	-327,67
	384	966,35	1,70515E-001	1,70493E-001	3,89968E-004	...........	-327,67
	385	968,86	1,70507E-001	1,70446E-001	3,90841E-004	...........	-327,67
	386	971,37	1,70495E-001	1,70443E-001	3,90808E-004	...........	-327,67
	387	973,88	1,70481E-001	1,70463E-001	3,90141E-004	...........	-327,67
	388	976,39	1,70466E-001	1,70458E-001	3,91848E-004	...........	-327,67
	389	978,9	1,70458E-001	1,70450E-001	3,92562E-004	...........	-327,67
	390	981,41	1,70455E-001	1,70445E-001	3,92289E-004	...........	-327,67
	391	983,92	1,70453E-001	1,70435E-001	3,91228E-004	...........	-327,67
	392	986,43	1,70449E-001	1,70427E-001	3,91862E-004	...........	-327,67
	393	988,94	1,70444E-001	1,70422E-001	3,92822E-004	...........	-327,67
	394	991,45	1,70437E-001	1,70410E-001	3,92155E-004	...........	-327,67
	395	993,96	1,70429E-001	1,70401E-001	3,93456E-004	...........	-327,67
	396	996,47	1,70420E-001	1,70396E-001	3,91915E-004	...........	-327,67
	397	998,98	1,70412E-001	1,70388E-001	3,93049E-004	...........	-327,67
	398	1001,49	1,70404E-001	1,70385E-001	3,92682E-004	...........	-327,67
	399	1004	1,70396E-001	1,70375E-001	3,90068E-004	...........	-327,67
	400	1006,51	1,70390E-001	1,70371E-001	3,90975E-004	...........	-327,67
	401	1009,02	1,70383E-001	1,70359E-001	3,90988E-004	...........	-327,67
	402	1011,53	1,70377E-001	1,70354E-001	3,92629E-004	...........	-327,67
	403	1014,04	1,70369E-001	1,70345E-001	3,92475E-004	...........	-327,67
	404	1016,55	1,70362E-001	1,70339E-001	3,93282E-004	...........	-327,67
	405	1019,06	1,70354E-001	1,70331E-001	3,92182E-004	...........	-327,67
	406	1021,57	1,70346E-001	1,70320E-001	3,93876E-004	...........	-327,67
	407	1024,08	1,70338E-001	1,70314E-001	3,92776E-004	...........	-327,67
	408	1026,59	1,70330E-001	1,70306E-001	3,94236E-004	...........	-327,67
	409	1029,1	1,70322E-001	1,70299E-001	3,93536E-004	...........	-327,67
	410	1031,61	1,70314E-001	1,70293E-001	3,93176E-004	...........	-327,67
	411	1034,12	1,70307E-001	1,70286E-001	3,91348E-004	...........	-327,67
	412	1036,63	1,70300E-001	1,70276E-001	3,92302E-004	...........	-327,67
	413	1039,14	1,70293E-001	1,70271E-001	3,92629E-004	...........	-327,67
	414	1041,65	1,70285E-001	1,70250E-001	3,92195E-004	...........	-327,67
	415	1044,16	1,70277E-001	1,70249E-001	3,93269E-004	...........	-327,67
	416	1046,67	1,70267E-001	1,70241E-001	3,92149E-004	...........	-327,67
	417	1049,18	1,70258E-001	1,70239E-001	3,93296E-004	...........	-327,67
	418	1051,69	1,70250E-001	1,70232E-001	3,93036E-004	...........	-327,67
	419	1054,2	1,70243E-001	1,70224E-001	3,90201E-004	...........	-327,67
	420	1056,71	1,70238E-001	1,70221E-001	3,92902E-004	...........	-327,67
	421	1059,22	1,70232E-001	1,70215E-001	3,92409E-004	...........	-327,67
	422	1061,73	1,70226E-001	1,70206E-001	3,92969E-004	...........	-327,67
	423	1064,24	1,70220E-001	1,70199E-001	3,92442E-004	...........	-327,67
	424	1066,75	1,70214E-001	1,70194E-001	3,91275E-004	...........	-327,67
	425	1069,26	1,70207E-001	1,70189E-001	3,92656E-004	...........	-327,67
	426	1071,77	1,70201E-001	1,70185E-001	3,92442E-004	...........	-327,67
	427	1074,28	1,70195E-001	1,70178E-001	3,93863E-004	...........	-327,67
	428	1076,79	1,70189E-001	1,70170E-001	3,92322E-004	...........	-327,67
	429	1079,3	1,70184E-001	1,70165E-001	3,93336E-004	...........	-327,67
	430	1081,81	1,70178E-001	1,70156E-001	3,92222E-004	...........	-327,67
	431	1084,32	1,70171E-001	1,70150E-001	3,92349E-004	...........	-327,67
	432	1086,83	1,70165E-001	1,70145E-001	3,89381E-004	...........	-327,67
	433	1089,34	1,70158E-001	1,70138E-001	3,91915E-004	...........	-327,67
	434	1091,85	1,70151E-001	1,70135E-001	3,91522E-004	...........	-327,67
	435	1094,36	1,70145E-001	1,70127E-001	3,92782E-004	...........	-327,67
	436	1096,87	1,70139E-001	1,70121E-001	3,93529E-004	...........	-327,67
	437	1099,38	1,70134E-001	1,70117E-001	3,95724E-004	...........	-327,67
	438	1101,89	1,70128E-001	1,70109E-001	3,91915E-004	...........	-327,67
	439	1104,4	1,70122E-001	1,70101E-001	3,93489E-004	...........	-327,67
	440	1106,91	1,70116E-001	1,70096E-001	3,93803E-004	...........	-327,67
	441	1109,42	1,70109E-001	1,70096E-001	3,92495E-004	...........	-327,67
	442	1111,93	1,70103E-001	1,70080E-001	3,93276E-004	...........	-327,67
	443	1114,44	1,70097E-001	1,70087E-001	3,92876E-004	...........	-327,67
	444	1116,95	1,70092E-001	1,70067E-001	3,91688E-004	...........	-327,67
	445	1119,46	1,70086E-001	1,70060E-001	3,89481E-004	...........	-327,67
	446	1121,97	1,70079E-001	1,70057E-001	3,92215E-004	...........	-327,67
	447	1124,48	1,70071E-001	1,70053E-001	3,92882E-004	...........	-327,67
	448	1126,99	1,70064E-001	1,70045E-001	3,92395E-004	...........	-327,67
	449	1129,5	1,70058E-001	1,70039E-001	3,93082E-004	...........	-327,67
	450	1132,01	1,70052E-001	1,70028E-001	3,92242E-004	...........	-327,67
	451	1134,52	1,70045E-001	1,70023E-001	3,92582E-004	...........	-327,67
	452	1137,03	1,70038E-001	1,70029E-001	3,93369E-004	...........	-327,67
	453	1139,54	1,70032E-001	1,70008E-001	3,91868E-004	...........	-327,67
	454	1142,05	1,70026E-001	1,70001E-001	3,92729E-004	...........	-327,67
	455	1144,56	1,70019E-001	1,69964E-001	3,92676E-004	...........	-327,67
	456	1147,07	1,70009E-001	1,70006E-001	3,93403E-004	...........	-327,67
	457	1149,58	1,69998E-001	1,69985E-001	3,92542E-004	...........	-327,67
	458	1152,09	1,69991E-001	1,69978E-001	3,94977E-004	...........	-327,67
	459	1154,6	1,69988E-001	1,69972E-001	3,93316E-004	...........	-327,67
	460	1157,11	1,69984E-001	1,69966E-001	3,92736E-004	...........	-327,67
	461	1159,62	1,69979E-001	1,69959E-001	3,91702E-004	...........	-327,67
	462	1162,13	1,69973E-001	1,69949E-001	3,92249E-004	...........	-327,67
	463	1164,64	1,69966E-001	1,69945E-001	3,93342E-004	...........	-327,67
	464	1167,15	1,69959E-001	1,69941E-001	3,93322E-004	...........	-327,67
	465	1169,66	1,69952E-001	1,69932E-001	3,91635E-004	...........	-327,67
	466	1172,17	1,69946E-001	1,69929E-001	3,91428E-004	...........	-327,67
	467	1174,68	1,69940E-001	1,69919E-001	3,91802E-004	...........	-327,67
	468	1177,19	1,69934E-001	1,69914E-001	3,92089E-004	...........	-327,67
	469	1179,7	1,69927E-001	1,69907E-001	3,91495E-004	...........	-327,67
	470	1182,21	1,69921E-001	1,69898E-001	3,92369E-004	...........	-327,67
	471	1184,72	1,69914E-001	1,69896E-001	3,91828E-004	...........	-327,67
	472	1187,23	1,69907E-001	1,69890E-001	3,91915E-004	...........	-327,67
	473	1189,74	1,69901E-001	1,69882E-001	3,92962E-004	...........	-327,67
	474	1192,25	1,69895E-001	1,69877E-001	3,91028E-004	...........	-327,67
	475	1194,76	1,69889E-001	1,69871E-001	3,92996E-004	...........	-327,67
	476	1197,27	1,69883E-001	1,69865E-001	3,92289E-004	...........	-327,67
	477	1199,78	1,69877E-001	1,69858E-001	3,92295E-004	...........	-327,67
	478	1202,29	1,69871E-001	1,69852E-001	3,90981E-004	...........	-327,67
	479	1204,8	1,69865E-001	1,69847E-001	3,92502E-004	...........	-327,67
	480	1207,31	1,69859E-001	1,69836E-001	3,91408E-004	...........	-327,67
	481	1209,82	1,69853E-001	1,69827E-001	3,90868E-004	...........	-327,67
	482	1212,33	1,69845E-001	1,69824E-001	3,91335E-004	...........	-327,67
	483	1214,84	1,69838E-001	1,69817E-001	3,91708E-004	...........	-327,67
	484	1217,35	1,69830E-001	1,69810E-001	3,91455E-004	...........	-327,67
	485	1219,86	1,69823E-001	1,69800E-001	3,90648E-004	...........	-327,67
	486	1222,37	1,69817E-001	1,69794E-001	3,89901E-004	...........	-327,67
	487	1224,88	1,69809E-001	1,69784E-001	3,92129E-004	...........	-327,67
	488	1227,39	1,69802E-001	1,69780E-001	3,91528E-004	...........	-327,67
	489	1229,9	1,69794E-001	1,69771E-001	3,92182E-004	...........	-327,67
	490	1232,41	1,69786E-001	1,69763E-001	3,91475E-004	...........	-327,67
	491	1234,92	1,69779E-001	1,69755E-001	3,93256E-004	...........	-327,67
	492	1237,43	1,69772E-001	1,69749E-001	3,92369E-004	...........	-327,67
	493	1239,94	1,69764E-001	1,69744E-001	3,90628E-004	...........	-327,67
	494	1242,45	1,69757E-001	1,69737E-001	3,91668E-004	...........	-327,67
	495	1244,96	1,69750E-001	1,69730E-001	3,91001E-004	...........	-327,67
	496	1247,47	1,69744E-001	1,69724E-001	3,92382E-004	...........	-327,67
	497	1249,98	1,69737E-001	1,69713E-001	3,91588E-004	...........	-327,67
	498	1252,49	1,69730E-001	1,69709E-001	3,89901E-004	...........	-327,67
	499	1255	1,69723E-001	1,69703E-001	3,91148E-004	...........	-327,67
	500	1257,51	1,69716E-001	1,69695E-001	3,91148E-004	...........	-327,67
	501	1260,02	1,69709E-001	1,69688E-001	3,92322E-004	...........	-327,67
	502	1262,53	1,69702E-001	1,69681E-001	3,92969E-004	...........	-327,67
	503	1265,04	1,69696E-001	1,69679E-001	3,91962E-004	...........	-327,67
	504	1267,55	1,69689E-001	1,69668E-001	3,93629E-004	...........	-327,67
	505	1270,06	1,69683E-001	1,69661E-001	3,92222E-004	...........	-327,67
	506	1272,57	1,69676E-001	1,69655E-001	3,93002E-004	...........	-327,67
	507	1275,08	1,69669E-001	1,69645E-001	3,92069E-004	...........	-327,67
	508	1277,59	1,69662E-001	1,69637E-001	3,91942E-004	...........	-327,67
	509	1280,1	1,69654E-001	1,69630E-001	3,91615E-004	...........	-327,67
	510	1282,61	1,69646E-001	1,69621E-001	3,92302E-004	...........	-327,67
	511	1285,12	1,69638E-001	1,69616E-001	3,94370E-004	...........	-327,67
	512	1287,63	1,69630E-001	1,69606E-001	3,91742E-004	...........	-327,67
	513	1290,14	1,69623E-001	1,69601E-001	3,92776E-004	...........	-327,67
	514	1292,65	1,69615E-001	1,69590E-001	3,92402E-004	...........	-327,67
	515	1295,16	1,69608E-001	1,69586E-001	3,91362E-004	...........	-327,67
	516	1297,67	1,69600E-001	1,69577E-001	3,90214E-004	...........	-327,67
	517	1300,18	1,69593E-001	1,69568E-001	3,92135E-004	...........	-327,67
	518	1302,69	1,69585E-001	1,69557E-001	3,92062E-004	...........	-327,67
	519	1305,2	1,69577E-001	1,69554E-001	3,92129E-004	...........	-327,67
	520	1307,71	1,69568E-001	1,69542E-001	3,93036E-004	...........	-327,67
	521	1310,22	1,69560E-001	1,69536E-001	3,91902E-004	...........	-327,67
	522	1312,73	1,69552E-001	1,69531E-001	3,92435E-004	...........	-327,67
	523	1315,24	1,69545E-001	1,69521E-001	3,90081E-004	...........	-327,67
	524	1317,75	1,69537E-001	1,69516E-001	3,91542E-004	...........	-327,67
	525	1320,26	1,69530E-001	1,69510E-001	3,92342E-004	...........	-327,67
	526	1322,77	1,69523E-001	1,69499E-001	3,92816E-004	...........	-327,67
	527	1325,28	1,69516E-001	1,69493E-001	3,92415E-004	...........	-327,67
	528	1327,79	1,69509E-001	1,69481E-001	3,92102E-004	...........	-327,67
	529	1330,3	1,69500E-001	1,69472E-001	3,91568E-004	...........	-327,67
	530	1332,81	1,69492E-001	1,69465E-001	3,92355E-004	...........	-327,67
	531	1335,32	1,69483E-001	1,69458E-001	3,91668E-004	...........	-327,67
	532	1337,83	1,69474E-001	1,69453E-001	3,93002E-004	...........	-327,67
	533	1340,34	1,69466E-001	1,69442E-001	3,91935E-004	...........	-327,67
	534	1342,85	1,69459E-001	1,69433E-001	3,90481E-004	...........	-327,67
	535	1345,36	1,69451E-001	1,69430E-001	3,91015E-004	...........	-327,67
	536	1347,87	1,69444E-001	1,69417E-001	3,90688E-004	...........	-327,67
	537	1350,38	1,69436E-001	1,69412E-001	3,92922E-004	...........	-327,67
	538	1352,89	1,69428E-001	1,69404E-001	3,91442E-004	...........	-327,67
	539	1355,4	1,69420E-001	1,69397E-001	3,90641E-004	...........	-327,67
	540	1357,91	1,69412E-001	1,69389E-001	3,91675E-004	...........	-327,67
	541	1360,42	1,69405E-001	1,69382E-001	3,92115E-004	...........	-327,67
	542	1362,93	1,69397E-001	1,69375E-001	3,91108E-004	...........	-327,67
	543	1365,44	1,69390E-001	1,69365E-001	3,91875E-004	...........	-327,67
	544	1367,95	1,69382E-001	1,69357E-001	3,91795E-004	...........	-327,67
	545	1370,46	1,69374E-001	1,69347E-001	3,92095E-004	...........	-327,67
	546	1372,97	1,69366E-001	1,69342E-001	3,92495E-004	...........	-327,67
	547	1375,48	1,69358E-001	1,69332E-001	3,92749E-004	...........	-327,67
	548	1377,99	1,69349E-001	1,69327E-001	3,90855E-004	...........	-327,67
	549	1380,5	1,69341E-001	1,69319E-001	3,92102E-004	...........	-327,67
	550	1383,01	1,69334E-001	1,69311E-001	3,90268E-004	...........	-327,67
	551	1385,52	1,69327E-001	1,69307E-001	3,91008E-004	...........	-327,67
	552	1388,03	1,69320E-001	1,69295E-001	3,90808E-004	...........	-327,67
	553	1390,54	1,69312E-001	1,69285E-001	3,91355E-004	...........	-327,67
	554	1393,05	1,69305E-001	1,69277E-001	3,89787E-004	...........	-327,67
	555	1395,56	1,69296E-001	1,69269E-001	3,92095E-004	...........	-327,67
	556	1398,07	1,69287E-001	1,69262E-001	3,90241E-004	...........	-327,67
	557	1400,58	1,69278E-001	1,69255E-001	3,91715E-004	...........	-327,67
	558	1403,09	1,69270E-001	1,69250E-001	3,91528E-004	...........	-327,67
	559	1405,6	1,69263E-001	1,69236E-001	3,90528E-004	...........	-327,67
	560	1408,11	1,69255E-001	1,69231E-001	3,92095E-004	...........	-327,67
	561	1410,62	1,69247E-001	1,69222E-001	3,91942E-004	...........	-327,67
	562	1413,13	1,69239E-001	1,69213E-001	3,90595E-004	...........	-327,67
	563	1415,64	1,69231E-001	1,69200E-001	3,91388E-004	...........	-327,67
	564	1418,15	1,69222E-001	1,69193E-001	3,91155E-004	...........	-327,67
	565	1420,66	1,69213E-001	1,69187E-001	3,90788E-004	...........	-327,67
	566	1423,17	1,69203E-001	1,69176E-001	3,89914E-004	...........	-327,67
	567	1425,68	1,69194E-001	1,69171E-001	3,87707E-004	...........	-327,67
	568	1428,19	1,69186E-001	1,69162E-001	3,89141E-004	...........	-327,67
	569	1430,7	1,69178E-001	1,69153E-001	3,89281E-004	...........	-327,67
	570	1433,21	1,69170E-001	1,69141E-001	3,88787E-004	...........	-327,67
	571	1435,72	1,69162E-001	1,69135E-001	3,90208E-004	...........	-327,67
	572	1438,23	1,69153E-001	1,69127E-001	3,89120E-004	...........	-327,67
	573	1440,74	1,69144E-001	1,69119E-001	3,90408E-004	...........	-327,67
	574	1443,25	1,69136E-001	1,69110E-001	3,91402E-004	...........	-327,67
	575	1445,76	1,69127E-001	1,69101E-001	3,92369E-004	...........	-327,67
	576	1448,27	1,69119E-001	1,69091E-001	3,90394E-004	...........	-327,67
	577	1450,78	1,69110E-001	1,69083E-001	3,90094E-004	...........	-327,67
	578	1453,29	1,69102E-001	1,69078E-001	3,91141E-004	...........	-327,67
	579	1455,8	1,69093E-001	1,69070E-001	3,90294E-004	...........	-327,67
	580	1458,31	1,69085E-001	1,69062E-001	3,88987E-004	...........	-327,67
	581	1460,82	1,69077E-001	1,69053E-001	3,90221E-004	...........	-327,67
	582	1463,33	1,69070E-001	1,69042E-001	3,90248E-004	...........	-327,67
	583	1465,84	1,69062E-001	1,69036E-001	3,91695E-004	...........	-327,67
	584	1468,35	1,69053E-001	1,69024E-001	3,90668E-004	...........	-327,67
	585	1470,86	1,69044E-001	1,69020E-001	3,91108E-004	...........	-327,67
	586	1473,37	1,69036E-001	1,69011E-001	3,91948E-004	...........	-327,67
	587	1475,88	1,69027E-001	1,69000E-001	3,91235E-004	...........	-327,67
	588	1478,39	1,69019E-001	1,68995E-001	3,91215E-004	...........	-327,67
	589	1480,9	1,69011E-001	1,68986E-001	3,89794E-004	...........	-327,67
	590	1483,41	1,69003E-001	1,68976E-001	3,90768E-004	...........	-327,67
	591	1485,92	1,68995E-001	1,68968E-001	3,92029E-004	...........	-327,67
	592	1488,43	1,68986E-001	1,68960E-001	3,92415E-004	...........	-327,67
	593	1490,94	1,68977E-001	1,68949E-001	3,93149E-004	...........	-327,67
	594	1493,45	1,68969E-001	1,68941E-001	3,91355E-004	...........	-327,67
	595	1495,96	1,68960E-001	1,68935E-001	3,90221E-004	...........	-327,67
	596	1498,47	1,68951E-001	1,68926E-001	3,92649E-004	...........	-327,67
	597	1500,98	1,68943E-001	1,68915E-001	3,92129E-004	...........	-327,67
	598	1503,49	1,68934E-001	1,68906E-001	3,92302E-004	...........	-327,67
	599	1506	1,68926E-001	1,68895E-001	3,91922E-004	...........	-327,67
	600	1508,51	1,68916E-001	1,68885E-001	3,91742E-004	...........	-327,67
	601	1511,02	1,68906E-001	1,68878E-001	3,90688E-004	...........	-327,67
	602	1513,53	1,68896E-001	1,68867E-001	3,90961E-004	...........	-327,67
	603	1516,04	1,68887E-001	1,68862E-001	3,90321E-004	...........	-327,67
	604	1518,55	1,68878E-001	1,68852E-001	3,89234E-004	...........	-327,67
	605	1521,06	1,68869E-001	1,68847E-001	3,89627E-004	...........	-327,67
	606	1523,57	1,68862E-001	1,68836E-001	3,88580E-004	...........	-327,67
	607	1526,08	1,68854E-001	1,68824E-001	3,89301E-004	...........	-327,67
	608	1528,59	1,68845E-001	1,68815E-001	3,88760E-004	...........	-327,67
	609	1531,1	1,68836E-001	1,68810E-001	3,88427E-004	...........	-327,67
	610	1533,61	1,68827E-001	1,68800E-001	3,90381E-004	...........	-327,67
	611	1536,12	1,68818E-001	1,68789E-001	3,89474E-004	...........	-327,67
	612	1538,63	1,68809E-001	1,68781E-001	3,89467E-004	...........	-327,67
	613	1541,14	1,68800E-001	1,68771E-001	3,90428E-004	...........	-327,67
	614	1543,65	1,68791E-001	1,68763E-001	3,89847E-004	...........	-327,67
	615	1546,16	1,68782E-001	1,68756E-001	3,91255E-004	...........	-327,67
	616	1548,67	1,68773E-001	1,68745E-001	3,90388E-004	...........	-327,67
	617	1551,18	1,68764E-001	1,68737E-001	3,91542E-004	...........	-327,67
	618	1553,69	1,68756E-001	1,68728E-001	3,89454E-004	...........	-327,67
	619	1556,2	1,68747E-001	1,68720E-001	3,89514E-004	...........	-327,67
	620	1558,71	1,68738E-001	1,68708E-001	3,89914E-004	...........	-327,67
	621	1561,22	1,68729E-001	1,68704E-001	3,89474E-004	...........	-327,67
	622	1563,73	1,68720E-001	1,68694E-001	3,90281E-004	...........	-327,67
	623	1566,24	1,68711E-001	1,68685E-001	3,87773E-004	...........	-327,67
	624	1568,75	1,68703E-001	1,68676E-001	3,90641E-004	...........	-327,67
	625	1571,26	1,68695E-001	1,68667E-001	3,90121E-004	...........	-327,67
	626	1573,77	1,68686E-001	1,68661E-001	3,88780E-004	...........	-327,67
	627	1576,28	1,68677E-001	1,68650E-001	3,89474E-004	...........	-327,67
	628	1578,79	1,68669E-001	1,68641E-001	3,89794E-004	...........	-327,67
	629	1581,3	1,68660E-001	1,68635E-001	3,89661E-004	...........	-327,67
	630	1583,81	1,68651E-001	1,68629E-001	3,91575E-004	...........	-327,67
	631	1586,32	1,68643E-001	1,68619E-001	3,90034E-004	...........	-327,67
	632	1588,83	1,68636E-001	1,68610E-001	3,89948E-004	...........	-327,67
	633	1591,34	1,68628E-001	1,68600E-001	3,89994E-004	...........	-327,67
	634	1593,85	1,68620E-001	1,68591E-001	3,90621E-004	...........	-327,67
	635	1596,36	1,68611E-001	1,68583E-001	3,90448E-004	...........	-327,67
	636	1598,87	1,68602E-001	1,68574E-001	3,90621E-004	...........	-327,67
	637	1601,38	1,68593E-001	1,68566E-001	3,89721E-004	...........	-327,67
	638	1603,89	1,68584E-001	1,68555E-001	3,89521E-004	...........	-327,67
	639	1606,4	1,68575E-001	1,68545E-001	3,90721E-004	...........	-327,67
	640	1608,91	1,68566E-001	1,68534E-001	3,89421E-004	...........	-327,67
	641	1611,42	1,68556E-001	1,68528E-001	3,89381E-004	...........	-327,67
	642	1613,93	1,68546E-001	1,68519E-001	3,91395E-004	...........	-327,67
	643	1616,44	1,68537E-001	1,68513E-001	3,91295E-004	...........	-327,67
	644	1618,95	1,68528E-001	1,68506E-001	3,90134E-004	...........	-327,67
	645	1621,46	1,68521E-001	1,68499E-001	3,89427E-004	...........	-327,67
	646	1623,97	1,68513E-001	1,68489E-001	3,88060E-004	...........	-327,67
	647	1626,48	1,68506E-001	1,68480E-001	3,88067E-004	...........	-327,67
	648	1628,99	1,68498E-001	1,68467E-001	3,88307E-004	...........	-327,67
	649	1631,5	1,68490E-001	1,68458E-001	3,87500E-004	...........	-327,67
	650	1634,01	1,68480E-001	1,68450E-001	3,89487E-004	...........	-327,67
	651	1636,52	1,68470E-001	1,68442E-001	3,88847E-004	...........	-327,67
	652	1639,03	1,68460E-001	1,68437E-001	3,89821E-004	...........	-327,67
	653	1641,54	1,68452E-001	1,68427E-001	3,87960E-004	...........	-327,67
	654	1644,05	1,68444E-001	1,68416E-001	3,88847E-004	...........	-327,67
	655	1646,56	1,68436E-001	1,68407E-001	3,88474E-004	...........	-327,67
	656	1649,07	1,68427E-001	1,68400E-001	3,89801E-004	...........	-327,67
	657	1651,58	1,68418E-001	1,68394E-001	3,89047E-004	...........	-327,67
	658	1654,09	1,68409E-001	1,68382E-001	3,88567E-004	...........	-327,67
	659	1656,6	1,68401E-001	1,68373E-001	3,88227E-004	...........	-327,67
	660	1659,11	1,68392E-001	1,68362E-001	3,88920E-004	...........	-327,67
	661	1661,62	1,68383E-001	1,68354E-001	3,87860E-004	...........	-327,67
	662	1664,13	1,68374E-001	1,68346E-001	3,90114E-004	...........	-327,67
	663	1666,64	1,68364E-001	1,68337E-001	3,89881E-004	...........	-327,67
	664	1669,15	1,68355E-001	1,68329E-001	3,90074E-004	...........	-327,67
	665	1671,66	1,68346E-001	1,68318E-001	3,87880E-004	...........	-327,67
	666	1674,17	1,68337E-001	1,68308E-001	3,87833E-004	...........	-327,67
	667	1676,68	1,68328E-001	1,68299E-001	3,88874E-004	...........	-327,67
	668	1679,19	1,68319E-001	1,68297E-001	3,89427E-004	...........	-327,67
	669	1681,7	1,68310E-001	1,68285E-001	3,88667E-004	...........	-327,67
	670	1684,21	1,68302E-001	1,68275E-001	3,86679E-004	...........	-327,67
	671	1686,72	1,68294E-001	1,68265E-001	3,88480E-004	...........	-327,67
	672	1689,23	1,68285E-001	1,68257E-001	3,89921E-004	...........	-327,67
	673	1691,74	1,68276E-001	1,68251E-001	3,89007E-004	...........	-327,67
	674	1694,25	1,68267E-001	1,68241E-001	3,88560E-004	...........	-327,67
	675	1696,76	1,68258E-001	1,68229E-001	3,90254E-004	...........	-327,67
	676	1699,27	1,68250E-001	1,68218E-001	3,91355E-004	...........	-327,67
	677	1701,78	1,68240E-001	1,68209E-001	3,89201E-004	...........	-327,67
	678	1704,29	1,68230E-001	1,68199E-001	3,90788E-004	...........	-327,67
	679	1706,8	1,68220E-001	1,68191E-001	3,91308E-004	...........	-327,67
	680	1709,31	1,68210E-001	1,68182E-001	3,89534E-004	...........	-327,67
	681	1711,82	1,68201E-001	1,68175E-001	3,91215E-004	...........	-327,67
	682	1714,33	1,68192E-001	1,68165E-001	3,91922E-004	...........	-327,67
	683	1716,84	1,68183E-001	1,68157E-001	3,91141E-004	...........	-327,67
	684	1719,35	1,68175E-001	1,68146E-001	3,89281E-004	...........	-327,67
	685	1721,86	1,68166E-001	1,68141E-001	3,91335E-004	...........	-327,67
	686	1724,37	1,68157E-001	1,68129E-001	3,90441E-004	...........	-327,67
	687	1726,88	1,68148E-001	1,68120E-001	3,89381E-004	...........	-327,67
	688	1729,39	1,68139E-001	1,68112E-001	3,90048E-004	...........	-327,67
	689	1731,9	1,68130E-001	1,68102E-001	3,90274E-004	...........	-327,67
	690	1734,41	1,68121E-001	1,68093E-001	3,90148E-004	...........	-327,67
	691	1736,92	1,68112E-001	1,68081E-001	3,89908E-004	...........	-327,67
	692	1739,43	1,68102E-001	1,68078E-001	3,89988E-004	...........	-327,67
	693	1741,94	1,68093E-001	1,68069E-001	3,89734E-004	...........	-327,67
	694	1744,45	1,68085E-001	1,68062E-001	3,89441E-004	...........	-327,67
	695	1746,96	1,68077E-001	1,68050E-001	3,88480E-004	...........	-327,67
	696	1749,47	1,68069E-001	1,68039E-001	3,88920E-004	...........	-327,67
	697	1751,98	1,68061E-001	1,68032E-001	3,89814E-004	...........	-327,67
	698	1754,49	1,68051E-001	1,68023E-001	3,88554E-004	...........	-327,67
	699	1757	1,68042E-001	1,68015E-001	3,87746E-004	...........	-327,67
	700	1759,51	1,68032E-001	1,68004E-001	3,88033E-004	...........	-327,67
	701	1762,02	1,68023E-001	1,67996E-001	3,88914E-004	...........	-327,67
	702	1764,53	1,68014E-001	1,67991E-001	3,90601E-004	...........	-327,67
	703	1767,04	1,68006E-001	1,67984E-001	3,90214E-004	...........	-327,67
	704	1769,55	1,67998E-001	1,67972E-001	3,90528E-004	...........	-327,67
	705	1772,06	1,67990E-001	1,67963E-001	3,91201E-004	...........	-327,67
	706	1774,57	1,67982E-001	1,67957E-001	3,89634E-004	...........	-327,67
	707	1777,08	1,67974E-001	1,67948E-001	3,89201E-004	...........	-327,67
	708	1779,59	1,67965E-001	1,67936E-001	3,89634E-004	...........	-327,67
	709	1782,1	1,67956E-001	1,67926E-001	3,89961E-004	...........	-327,67
	710	1784,61	1,67947E-001	1,67918E-001	3,88807E-004	...........	-327,67
	711	1787,12	1,67938E-001	1,67909E-001	3,88734E-004	...........	-327,67
	712	1789,63	1,67928E-001	1,67898E-001	3,88740E-004	...........	-327,67
	713	1792,14	1,67918E-001	1,67886E-001	3,87346E-004	...........	-327,67
	714	1794,65	1,67909E-001	1,67881E-001	3,88100E-004	...........	-327,67
	715	1797,16	1,67899E-001	1,67874E-001	3,86686E-004	...........	-327,67
	716	1799,67	1,67890E-001	1,67863E-001	3,88580E-004	...........	-327,67
	717	1802,18	1,67881E-001	1,67852E-001	3,87900E-004	...........	-327,67
	718	1804,69	1,67872E-001	1,67843E-001	3,89234E-004	...........	-327,67
	719	1807,2	1,67863E-001	1,67831E-001	3,89374E-004	...........	-327,67
	720	1809,71	1,67853E-001	1,67822E-001	3,89461E-004	...........	-327,67
	721	1812,22	1,67843E-001	1,67814E-001	3,88514E-004	...........	-327,67
	722	1814,73	1,67833E-001	1,67794E-001	3,90474E-004	...........	-327,67
	723	1817,24	1,67822E-001	1,67790E-001	3,86753E-004	...........	-327,67
	724	1819,75	1,67811E-001	1,67786E-001	3,88100E-004	...........	-327,67
	725	1822,26	1,67801E-001	1,67773E-001	3,87993E-004	...........	-327,67
	726	1824,77	1,67792E-001	1,67759E-001	3,87213E-004	...........	-327,67
	727	1827,28	1,67783E-001	1,67750E-001	3,88487E-004	...........	-327,67
	728	1829,79	1,67773E-001	1,67738E-001	3,89888E-004	...........	-327,67
	729	1832,3	1,67762E-001	1,67730E-001	3,88440E-004	...........	-327,67
	730	1834,81	1,67751E-001	1,67722E-001	3,88260E-004	...........	-327,67
	731	1837,32	1,67741E-001	1,67711E-001	3,88207E-004	...........	-327,67
	732	1839,83	1,67731E-001	1,67699E-001	3,89607E-004	...........	-327,67
	733	1842,34	1,67721E-001	1,67693E-001	3,88907E-004	...........	-327,67
	734	1844,85	1,67712E-001	1,67686E-001	3,87713E-004	...........	-327,67
	735	1847,36	1,67702E-001	1,67677E-001	3,89481E-004	...........	-327,67
	736	1849,87	1,67694E-001	1,67668E-001	3,88780E-004	...........	-327,67
	737	1852,38	1,67686E-001	1,67662E-001	3,85232E-004	...........	-327,67
	738	1854,89	1,67678E-001	1,67652E-001	3,86946E-004	...........	-327,67
	739	1857,4	1,67670E-001	1,67643E-001	3,89080E-004	...........	-327,67
	740	1859,91	1,67661E-001	1,67633E-001	3,90054E-004	...........	-327,67
	741	1862,42	1,67652E-001	1,67625E-001	3,87780E-004	...........	-327,67
	742	1864,93	1,67644E-001	1,67617E-001	3,89227E-004	...........	-327,67
	743	1867,44	1,67635E-001	1,67609E-001	3,88574E-004	...........	-327,67
	744	1869,95	1,67626E-001	1,67599E-001	3,88600E-004	...........	-327,67
	745	1872,46	1,67617E-001	1,67593E-001	3,87907E-004	...........	-327,67
	746	1874,97	1,67609E-001	1,67585E-001	3,88840E-004	...........	-327,67
	747	1877,48	1,67601E-001	1,67574E-001	3,87880E-004	...........	-327,67
	748	1879,99	1,67593E-001	1,67567E-001	3,86839E-004	...........	-327,67
	749	1882,5	1,67585E-001	1,67559E-001	3,87666E-004	...........	-327,67
	750	1885,01	1,67576E-001	1,67550E-001	3,89067E-004	...........	-327,67
	751	1887,52	1,67568E-001	1,67540E-001	3,87613E-004	...........	-327,67
	752	1890,03	1,67559E-001	1,67533E-001	3,88167E-004	...........	-327,67
	753	1892,54	1,67551E-001	1,67526E-001	3,88467E-004	...........	-327,67
	754	1895,05	1,67542E-001	1,67518E-001	3,88107E-004	...........	-327,67
	755	1897,56	1,67534E-001	1,67508E-001	3,88213E-004	...........	-327,67
	756	1900,07	1,67526E-001	1,67501E-001	3,86473E-004	...........	-327,67
	757	1902,58	1,67518E-001	1,67497E-001	3,85192E-004	...........	-327,67
	758	1905,09	1,67510E-001	1,67487E-001	3,85726E-004	...........	-327,67
	759	1907,6	1,67503E-001	1,67480E-001	3,87306E-004	...........	-327,67
	760	1910,11	1,67496E-001	1,67475E-001	3,85692E-004	...........	-327,67
	761	1912,62	1,67488E-001	1,67464E-001	3,87673E-004	...........	-327,67
	762	1915,13	1,67481E-001	1,67456E-001	3,86999E-004	...........	-327,67
	763	1917,64	1,67474E-001	1,67452E-001	3,86673E-004	...........	-327,67
	764	1920,15	1,67466E-001	1,67449E-001	3,87266E-004	...........	-327,67
	765	1922,66	1,67459E-001	1,67443E-001	3,86353E-004	...........	-327,67
	766	1925,17	1,67453E-001	1,67433E-001	3,87353E-004	...........	-327,67
	767	1927,68	1,67448E-001	1,67431E-001	3,87700E-004	...........	-327,67
	768	1930,19	1,67442E-001	1,67423E-001	3,85292E-004	...........	-327,67
	769	1932,7	1,67436E-001	1,67419E-001	3,85185E-004	...........	-327,67
	770	1935,21	1,67430E-001	1,67414E-001	3,85205E-004	...........	-327,67
	771	1937,72	1,67425E-001	1,67407E-001	3,86846E-004	...........	-327,67
	772	1940,23	1,67419E-001	1,67401E-001	3,88173E-004	...........	-327,67
	773	1942,74	1,67414E-001	1,67398E-001	3,86533E-004	...........	-327,67
	774	1945,25	1,67408E-001	1,67392E-001	3,86179E-004	...........	-327,67
	775	1947,76	1,67403E-001	1,67389E-001	3,86526E-004	...........	-327,67
	776	1950,27	1,67398E-001	1,67384E-001	3,86159E-004	...........	-327,67
	777	1952,78	1,67393E-001	1,67379E-001	3,85485E-004	...........	-327,67
	778	1955,29	1,67389E-001	1,67374E-001	3,86139E-004	...........	-327,67
	779	1957,8	1,67384E-001	1,67367E-001	3,85032E-004	...........	-327,67
	780	1960,31	1,67379E-001	1,67362E-001	3,87093E-004	...........	-327,67
	781	1962,82	1,67374E-001	1,67357E-001	3,85379E-004	...........	-327,67
	782	1965,33	1,67368E-001	1,67352E-001	3,85139E-004	...........	-327,67
	783	1967,84	1,67363E-001	1,67347E-001	3,86579E-004	...........	-327,67
	784	1970,35	1,67358E-001	1,67342E-001	3,85952E-004	...........	-327,67
	785	1972,86	1,67353E-001	1,67337E-001	3,86306E-004	...........	-327,67
	786	1975,37	1,67348E-001	1,67335E-001	3,86913E-004	...........	-327,67
	787	1977,88	1,67343E-001	1,67330E-001	3,88480E-004	...........	-327,67
	788	1980,39	1,67338E-001	1,67321E-001	3,86479E-004	...........	-327,67
	789	1982,9	1,67334E-001	1,67316E-001	3,86386E-004	...........	-327,67
	790	1985,41	1,67328E-001	1,67313E-001	3,85746E-004	...........	-327,67
	791	1987,92	1,67323E-001	1,67304E-001	3,86659E-004	...........	-327,67
	792	1990,43	1,67317E-001	1,67300E-001	3,84538E-004	...........	-327,67
	793	1992,94	1,67312E-001	1,67295E-001	3,86146E-004	...........	-327,67
	794	1995,45	1,67306E-001	1,67291E-001	3,85999E-004	...........	-327,67
	795	1997,96	1,67301E-001	1,67286E-001	3,83958E-004	...........	-327,67
	796	2000,47	1,67296E-001	1,67278E-001	3,84732E-004	...........	-327,67
	797	2002,98	1,67291E-001	1,67273E-001	3,85179E-004	...........	-327,67
	798	2005,49	1,67285E-001	1,67268E-001	3,86252E-004	...........	-327,67
	799	2008	1,67279E-001	1,67261E-001	3,84778E-004	...........	-327,67
	800	2010,51	1,67274E-001	1,67255E-001	3,85899E-004	...........	-327,67
	801	2013,02	1,67268E-001	1,67251E-001	3,85859E-004	...........	-327,67
	802	2015,53	1,67262E-001	1,67246E-001	3,85646E-004	...........	-327,67
	803	2018,04	1,67256E-001	1,67239E-001	3,86152E-004	...........	-327,67
	804	2020,55	1,67251E-001	1,67233E-001	3,85826E-004	...........	-327,67
	805	2023,06	1,67245E-001	1,67227E-001	3,86559E-004	...........	-327,67
	806	2025,57	1,67240E-001	1,67221E-001	3,86132E-004	...........	-327,67
	807	2028,08	1,67234E-001	1,67218E-001	3,86533E-004	...........	-327,67
	808	2030,59	1,67228E-001	1,67212E-001	3,86886E-004	...........	-327,67
	809	2033,1	1,67222E-001	1,67205E-001	3,85405E-004	...........	-327,67
	810	2035,61	1,67217E-001	1,67200E-001	3,85385E-004	...........	-327,67
	811	2038,12	1,67212E-001	1,67195E-001	3,87893E-004	...........	-327,67
	812	2040,63	1,67206E-001	1,67189E-001	3,85999E-004	...........	-327,67
	813	2043,14	1,67201E-001	1,67179E-001	3,86152E-004	...........	-327,67
	814	2045,65	1,67195E-001	1,67174E-001	3,86219E-004	...........	-327,67
	815	2048,16	1,67188E-001	1,67168E-001	3,86939E-004	...........	-327,67
	816	2050,67	1,67181E-001	1,67162E-001	3,84698E-004	...........	-327,67
	817	2053,18	1,67175E-001	1,67157E-001	3,86466E-004	...........	-327,67
	818	2055,69	1,67169E-001	1,67151E-001	3,88380E-004	...........	-327,67
	819	2058,2	1,67163E-001	1,67144E-001	3,88180E-004	...........	-327,67
	820	2060,71	1,67157E-001	1,67137E-001	3,87446E-004	...........	-327,67
	821	2063,22	1,67151E-001	1,67130E-001	3,87046E-004	...........	-327,67
	822	2065,73	1,67144E-001	1,67124E-001	3,88033E-004	...........	-327,67
	823	2068,24	1,67138E-001	1,67118E-001	3,87060E-004	...........	-327,67
	824	2070,75	1,67131E-001	1,67108E-001	3,87293E-004	...........	-327,67
	825	2073,26	1,67124E-001	1,67102E-001	3,86339E-004	...........	-327,67
	826	2075,77	1,67117E-001	1,67091E-001	3,86719E-004	...........	-327,67
	827	2078,28	1,67109E-001	1,67086E-001	3,87240E-004	...........	-327,67
	828	2080,79	1,67101E-001	1,67080E-001	3,88013E-004	...........	-327,67
	829	2083,3	1,67094E-001	1,67070E-001	3,87026E-004	...........	-327,67
	830	2085,81	1,67086E-001	1,67066E-001	3,86673E-004	...........	-327,67
	831	2088,32	1,67079E-001	1,67059E-001	3,85779E-004	...........	-327,67
	832	2090,83	1,67073E-001	1,67052E-001	3,86446E-004	...........	-327,67
	833	2093,34	1,67066E-001	1,67044E-001	3,85919E-004	...........	-327,67
	834	2095,85	1,67059E-001	1,67038E-001	3,86926E-004	...........	-327,67
	835	2098,36	1,67052E-001	1,67031E-001	3,85525E-004	...........	-327,67
	836	2100,87	1,67045E-001	1,67024E-001	3,84232E-004	...........	-327,67
	837	2103,38	1,67039E-001	1,67018E-001	3,86126E-004	...........	-327,67
	838	2105,89	1,67032E-001	1,67013E-001	3,85826E-004	...........	-327,67
	839	2108,4	1,67025E-001	1,67006E-001	3,85452E-004	...........	-327,67
	840	2110,91	1,67019E-001	1,67001E-001	3,84892E-004	...........	-327,67
	841	2113,42	1,67013E-001	1,66990E-001	3,87433E-004	...........	-327,67
	842	2115,93	1,67007E-001	1,66986E-001	3,86459E-004	...........	-327,67
	843	2118,44	1,67000E-001	1,66975E-001	3,87006E-004	...........	-327,67
	844	2120,95	1,66992E-001	1,66970E-001	3,86613E-004	...........	-327,67
	845	2123,46	1,66985E-001	1,66963E-001	3,86713E-004	...........	-327,67
	846	2125,97	1,66977E-001	1,66954E-001	3,88073E-004	...........	-327,67
	847	2128,48	1,66970E-001	1,66950E-001	3,87226E-004	...........	-327,67
	848	2130,99	1,66963E-001	1,66945E-001	3,86119E-004	...........	-327,67
	849	2133,5	1,66957E-001	1,66939E-001	3,86119E-004	...........	-327,67
	850	2136,01	1,66951E-001	1,66931E-001	3,86339E-004	...........	-327,67
	851	2138,52	1,66945E-001	1,66928E-001	3,85706E-004	...........	-327,67
	852	2141,03	1,66939E-001	1,66918E-001	3,86426E-004	...........	-327,67
	853	2143,54	1,66933E-001	1,66914E-001	3,86086E-004	...........	-327,67
	854	2146,05	1,66927E-001	1,66906E-001	3,85479E-004	...........	-327,67
	855	2148,56	1,66920E-001	1,66899E-001	3,85926E-004	...........	-327,67
	856	2151,07	1,66914E-001	1,66895E-001	3,86126E-004	...........	-327,67
	857	2153,58	1,66907E-001	1,66889E-001	3,84885E-004	...........	-327,67
	858	2156,09	1,66901E-001	1,66884E-001	3,86246E-004	...........	-327,67
	859	2158,6	1,66895E-001	1,66878E-001	3,85806E-004	...........	-327,67
	860	2161,11	1,66890E-001	1,66872E-001	3,84858E-004	...........	-327,67
	861	2163,62	1,66884E-001	1,66867E-001	3,86386E-004	...........	-327,67
	862	2166,13	1,66878E-001	1,66860E-001	3,85419E-004	...........	-327,67
	863	2168,64	1,66873E-001	1,66857E-001	3,85846E-004	...........	-327,67
	864	2171,15	1,66867E-001	1,66850E-001	3,85365E-004	...........	-327,67
	865	2173,66	1,66862E-001	1,66844E-001	3,83811E-004	...........	-327,67
	866	2176,17	1,66856E-001	1,66840E-001	3,85966E-004	...........	-327,67
	867	2178,68	1,66851E-001	1,66837E-001	3,85545E-004	...........	-327,67
	868	2181,19	1,66846E-001	1,66832E-001	3,84512E-004	...........	-327,67
	869	2183,7	1,66841E-001	1,66827E-001	3,85706E-004	...........	-327,67
	870	2186,21	1,66837E-001	1,66821E-001	3,84138E-004	...........	-327,67
	871	2188,72	1,66832E-001	1,66817E-001	3,85039E-004	...........	-327,67
	872	2191,23	1,66827E-001	1,66813E-001	3,86059E-004	...........	-327,67
	873	2193,74	1,66822E-001	1,66808E-001	3,85592E-004	...........	-327,67
	874	2196,25	1,66817E-001	1,66804E-001	3,82371E-004	...........	-327,67
	875	2198,76	1,66813E-001	1,66798E-001	3,82871E-004	...........	-327,67
	876	2201,27	1,66808E-001	1,66795E-001	3,83785E-004	...........	-327,67
	877	2203,78	1,66804E-001	1,66788E-001	3,84598E-004	...........	-327,67
	878	2206,29	1,66799E-001	1,66784E-001	3,84392E-004	...........	-327,67
	879	2208,8	1,66794E-001	1,66781E-001	3,84512E-004	...........	-327,67
	880	2211,31	1,66790E-001	1,66777E-001	3,84878E-004	...........	-327,67
	881	2213,82	1,66785E-001	1,66773E-001	3,84372E-004	...........	-327,67
	882	2216,33	1,66781E-001	1,66764E-001	3,85059E-004	...........	-327,67
	883	2218,84	1,66776E-001	1,66763E-001	3,84885E-004	...........	-327,67
	884	2221,35	1,66772E-001	1,66764E-001	3,84105E-004	...........	-327,67
	885	2223,86	1,66768E-001	1,66759E-001	3,83251E-004	...........	-327,67
	886	2226,37	1,66765E-001	1,66756E-001	3,85379E-004	...........	-327,67
	887	2228,88	1,66762E-001	1,66748E-001	3,84798E-004	...........	-327,67
	888	2231,39	1,66758E-001	1,66744E-001	3,85092E-004	...........	-327,67
	889	2233,9	1,66754E-001	1,66742E-001	3,85839E-004	...........	-327,67
	890	2236,41	1,66750E-001	1,66737E-001	3,85099E-004	...........	-327,67
	891	2238,92	1,66745E-001	1,66734E-001	3,86166E-004	...........	-327,67
	892	2241,43	1,66741E-001	1,66729E-001	3,86186E-004	...........	-327,67
	893	2243,94	1,66738E-001	1,66727E-001	3,84111E-004	...........	-327,67
	894	2246,45	1,66734E-001	1,66721E-001	3,83398E-004	...........	-327,67
	895	2248,96	1,66730E-001	1,66719E-001	3,84552E-004	...........	-327,67
	896	2251,47	1,66726E-001	1,66718E-001	3,84345E-004	...........	-327,67
	897	2253,98	1,66723E-001	1,66714E-001	3,83811E-004	...........	-327,67
	898	2256,49	1,66720E-001	1,66714E-001	3,84025E-004	...........	-327,67
	899	2259	1,66718E-001	1,66711E-001	3,85105E-004	...........	-327,67
	900	2261,51	1,66715E-001	1,66708E-001	3,83438E-004	...........	-327,67
	901	2264,02	1,66713E-001	1,66704E-001	3,84645E-004	...........	-327,67
	902	2266,53	1,66711E-001	1,66703E-001	3,86292E-004	...........	-327,67
	903	2269,04	1,66708E-001	1,66697E-001	3,81910E-004	...........	-327,67
	904	2271,55	1,66705E-001	1,66695E-001	3,84125E-004	...........	-327,67
	905	2274,06	1,66702E-001	1,66693E-001	3,84258E-004	...........	-327,67
	906	2276,57	1,66698E-001	1,66668E-001	3,84572E-004	...........	-327,67
	907	2279,08	1,66694E-001	1,66688E-001	3,83238E-004	...........	-327,67
	908	2281,59	1,66688E-001	1,66704E-001	3,83985E-004	...........	-327,67
	909	2284,1	1,66686E-001	1,66685E-001	3,84525E-004	...........	-327,67
	910	2286,61	1,66688E-001	1,66729E-001	3,83004E-004	...........	-327,67
	911	2289,12	1,66693E-001	1,66677E-001	3,82697E-004	...........	-327,67
	912	2291,63	1,66697E-001	1,66671E-001	3,84125E-004	...........	-327,67
	913	2294,14	1,66696E-001	1,66669E-001	3,81404E-004	...........	-327,67
	914	2296,65	1,66688E-001	1,66664E-001	3,82724E-004	...........	-327,67
	915	2299,16	1,66678E-001	1,66659E-001	3,82484E-004	...........	-327,67
	916	2301,67	1,66670E-001	1,66658E-001	3,81804E-004	...........	-327,67
	917	2304,18	1,66665E-001	1,66655E-001	3,84358E-004	...........	-327,67
	918	2306,69	1,66661E-001	1,66653E-001	3,83024E-004	...........	-327,67
	919	2309,2	1,66658E-001	1,66647E-001	3,82671E-004	...........	-327,67
	920	2311,71	1,66655E-001	1,66645E-001	3,82838E-004	...........	-327,67
	921	2314,22	1,66652E-001	1,66641E-001	3,82637E-004	...........	-327,67
	922	2316,73	1,66649E-001	1,66641E-001	3,83264E-004	...........	-327,67
	923	2319,24	1,66645E-001	1,66639E-001	3,85039E-004	...........	-327,67
	924	2321,75	1,66643E-001	1,66636E-001	3,83078E-004	...........	-327,67
	925	2324,26	1,66640E-001	1,66631E-001	3,84505E-004	...........	-327,67
	926	2326,77	1,66638E-001	1,66626E-001	3,82637E-004	...........	-327,67
	927	2329,28	1,66635E-001	1,66623E-001	3,83858E-004	...........	-327,67
	928	2331,79	1,66631E-001	1,66623E-001	3,83958E-004	...........	-327,67
	929	2334,3	1,66628E-001	1,66618E-001	3,84045E-004	...........	-327,67
	930	2336,81	1,66625E-001	1,66615E-001	3,84085E-004	...........	-327,67
	931	2339,32	1,66622E-001	1,66608E-001	3,84365E-004	...........	-327,67
	932	2341,83	1,66618E-001	1,66606E-001	3,84065E-004	...........	-327,67
	933	2344,34	1,66614E-001	1,66602E-001	3,83578E-004	...........	-327,67
	934	2346,85	1,66610E-001	1,66598E-001	3,84672E-004	...........	-327,67
	935	2349,36	1,66606E-001	1,66584E-001	3,83018E-004	...........	-327,67
	936	2351,87	1,66601E-001	1,66586E-001	3,83545E-004	...........	-327,67
	937	2354,38	1,66596E-001	1,66577E-001	3,84145E-004	...........	-327,67
	938	2356,89	1,66590E-001	1,66578E-001	3,85212E-004	...........	-327,67
	939	2359,4	1,66585E-001	1,66574E-001	3,84778E-004	...........	-327,67
	940	2361,91	1,66580E-001	1,66570E-001	3,84665E-004	...........	-327,67
	941	2364,42	1,66577E-001	1,66566E-001	3,85052E-004	...........	-327,67
	942	2366,93	1,66574E-001	1,66560E-001	3,85846E-004	...........	-327,67
	943	2369,44	1,66570E-001	1,66554E-001	3,83991E-004	...........	-327,67
	944	2371,95	1,66565E-001	1,66549E-001	3,83184E-004	...........	-327,67
	945	2374,46	1,66560E-001	1,66543E-001	3,84325E-004	...........	-327,67
	946	2376,97	1,66555E-001	1,66541E-001	3,82771E-004	...........	-327,67
	947	2379,48	1,66550E-001	1,66537E-001	3,83351E-004	...........	-327,67
	948	2381,99	1,66545E-001	1,66530E-001	3,83691E-004	...........	-327,67
	949	2384,5	1,66541E-001	1,66523E-001	3,84885E-004	...........	-327,67
	950	2387,01	1,66536E-001	1,66517E-001	3,83965E-004	...........	-327,67
	951	2389,52	1,66530E-001	1,66508E-001	3,84572E-004	...........	-327,67
	952	2392,03	1,66524E-001	1,66500E-001	3,86693E-004	...........	-327,67
	953	2394,54	1,66516E-001	1,66489E-001	3,85412E-004	...........	-327,67
	954	2397,05	1,66509E-001	1,66488E-001	3,85719E-004	...........	-327,67
	955	2399,56	1,66501E-001	1,66482E-001	3,85065E-004	...........	-327,67
	956	2402,07	1,66494E-001	1,66477E-001	3,84672E-004	...........	-327,67
	957	2404,58	1,66488E-001	1,66468E-001	3,85405E-004	...........	-327,67
	958	2407,09	1,66482E-001	1,66460E-001	3,84698E-004	...........	-327,67
	959	2409,6	1,66476E-001	1,66456E-001	3,84492E-004	...........	-327,67
	960	2412,11	1,66469E-001	1,66448E-001	3,87080E-004	...........	-327,67
	961	2414,62	1,66462E-001	1,66441E-001	3,85652E-004	...........	-327,67
	962	2417,13	1,66455E-001	1,66432E-001	3,84645E-004	...........	-327,67
	963	2419,64	1,66448E-001	1,66424E-001	3,83585E-004	...........	-327,67
	964	2422,15	1,66441E-001	1,66419E-001	3,84452E-004	...........	-327,67
	965	2424,66	1,66433E-001	1,66411E-001	3,85065E-004	...........	-327,67
	966	2427,17	1,66426E-001	1,66401E-001	3,83785E-004	...........	-327,67
	967	2429,68	1,66418E-001	1,66391E-001	3,84825E-004	...........	-327,67
	968	2432,19	1,66410E-001	1,66385E-001	3,84905E-004	...........	-327,67
	969	2434,7	1,66402E-001	1,66375E-001	3,85906E-004	...........	-327,67
	970	2437,21	1,66393E-001	1,66367E-001	3,85999E-004	...........	-327,67
	971	2439,72	1,66385E-001	1,66362E-001	3,85072E-004	...........	-327,67
	972	2442,23	1,66377E-001	1,66353E-001	3,85039E-004	...........	-327,67
	973	2444,74	1,66369E-001	1,66344E-001	3,84151E-004	...........	-327,67
	974	2447,25	1,66361E-001	1,66334E-001	3,83331E-004	...........	-327,67
	975	2449,76	1,66353E-001	1,66330E-001	3,83231E-004	...........	-327,67
	976	2452,27	1,66345E-001	1,66321E-001	3,82297E-004	...........	-327,67
	977	2454,78	1,66337E-001	1,66315E-001	3,83985E-004	...........	-327,67
	978	2457,29	1,66329E-001	1,66308E-001	3,82317E-004	...........	-327,67
	979	2459,8	1,66322E-001	1,66300E-001	3,82291E-004	...........	-327,67
	980	2462,31	1,66315E-001	1,66288E-001	3,83071E-004	...........	-327,67
	981	2464,82	1,66307E-001	1,66282E-001	3,82864E-004	...........	-327,67
	982	2467,33	1,66299E-001	1,66273E-001	3,80877E-004	...........	-327,67
	983	2469,84	1,66291E-001	1,66266E-001	3,83918E-004	...........	-327,67
	984	2472,35	1,66282E-001	1,66258E-001	3,83651E-004	...........	-327,67
	985	2474,86	1,66274E-001	1,66249E-001	3,85132E-004	...........	-327,67
	986	2477,37	1,66266E-001	1,66238E-001	3,84071E-004	...........	-327,67
	987	2479,88	1,66258E-001	1,66234E-001	3,85172E-004	...........	-327,67
	988	2482,39	1,66249E-001	1,66223E-001	3,84785E-004	...........	-327,67
	989	2484,9	1,66241E-001	1,66211E-001	3,85079E-004	...........	-327,67
	990	2487,41	1,66232E-001	1,66205E-001	3,84252E-004	...........	-327,67
	991	2489,92	1,66223E-001	1,66198E-001	3,85145E-004	...........	-327,67
	992	2492,43	1,66214E-001	1,66188E-001	3,83678E-004	...........	-327,67
	993	2494,94	1,66206E-001	1,66180E-001	3,83811E-004	...........	-327,67
	994	2497,45	1,66197E-001	1,66172E-001	3,85372E-004	...........	-327,67
	995	2499,96	1,66189E-001	1,66166E-001	3,84532E-004	...........	-327,67
	996	2502,47	1,66181E-001	1,66156E-001	3,83918E-004	...........	-327,67
	997	2504,98	1,66173E-001	1,66145E-001	3,86252E-004	...........	-327,67
	998	2507,49	1,66165E-001	1,66136E-001	3,84252E-004	...........	-327,67
	999	2510	1,66156E-001	1,66128E-001	3,85305E-004	...........	-327,67
	1000	2512,51	1,66147E-001	1,66119E-001	3,84398E-004	...........	-327,67
	1001	2515,02	1,66138E-001	1,66109E-001	3,84852E-004	...........	-327,67
	1002	2517,53	1,66128E-001	1,66100E-001	3,84745E-004	...........	-327,67
	1003	2520,04	1,66119E-001	1,66091E-001	3,86593E-004	...........	-327,67
	1004	2522,55	1,66110E-001	1,66084E-001	3,85746E-004	...........	-327,67
	1005	2525,06	1,66101E-001	1,66074E-001	3,84585E-004	...........	-327,67
	1006	2527,57	1,66092E-001	1,66065E-001	3,85059E-004	...........	-327,67
	1007	2530,08	1,66084E-001	1,66058E-001	3,86326E-004	...........	-327,67
	1008	2532,59	1,66075E-001	1,66048E-001	3,85472E-004	...........	-327,67
	1009	2535,1	1,66066E-001	1,66039E-001	3,85345E-004	...........	-327,67
	1010	2537,61	1,66058E-001	1,66030E-001	3,84838E-004	...........	-327,67
	1011	2540,12	1,66049E-001	1,66022E-001	3,84992E-004	...........	-327,67
	1012	2542,63	1,66040E-001	1,66041E-001	3,84365E-004	...........	-327,67
	1013	2545,14	1,66034E-001	1,66002E-001	3,85372E-004	...........	-327,67
	1014	2547,65	1,66028E-001	1,65995E-001	3,86019E-004	...........	-327,67
	1015	2550,16	1,66021E-001	1,65988E-001	3,83558E-004	...........	-327,67
	1016	2552,67	1,66010E-001	1,65975E-001	3,84738E-004	...........	-327,67
	1017	2555,18	1,65999E-001	1,65964E-001	3,87193E-004	...........	-327,67
	1018	2557,69	1,65987E-001	1,65956E-001	3,86393E-004	...........	-327,67
	1019	2560,2	1,65976E-001	1,65945E-001	3,85939E-004	...........	-327,67
	1020	2562,71	1,65966E-001	1,65938E-001	3,86186E-004	...........	-327,67
	1021	2565,22	1,65956E-001	1,65928E-001	3,86126E-004	...........	-327,67
	1022	2567,73	1,65947E-001	1,65916E-001	3,85359E-004	...........	-327,67
	1023	2570,24	1,65938E-001	1,65905E-001	3,85492E-004	...........	-327,67
	1024	2572,75	1,65928E-001	1,65898E-001	3,85826E-004	...........	-327,67
	1025	2575,26	1,65918E-001	1,65887E-001	3,86306E-004	...........	-327,67
	1026	2577,77	1,65908E-001	1,65876E-001	3,85005E-004	...........	-327,67
	1027	2580,28	1,65898E-001	1,65868E-001	3,85759E-004	...........	-327,67
	1028	2582,79	1,65888E-001	1,65861E-001	3,84111E-004	...........	-327,67
	1029	2585,3	1,65878E-001	1,65846E-001	3,86419E-004	...........	-327,67
	1030	2587,81	1,65869E-001	1,65837E-001	3,86826E-004	...........	-327,67
	1031	2590,32	1,65859E-001	1,65826E-001	3,86979E-004	...........	-327,67
	1032	2592,83	1,65848E-001	1,65815E-001	3,84919E-004	...........	-327,67
	1033	2595,34	1,65838E-001	1,65807E-001	3,86473E-004	...........	-327,67
	1034	2597,85	1,65827E-001	1,65795E-001	3,86959E-004	...........	-327,67
	1035	2600,36	1,65817E-001	1,65788E-001	3,85686E-004	...........	-327,67
	1036	2602,87	1,65807E-001	1,65777E-001	3,85459E-004	...........	-327,67
	1037	2605,38	1,65797E-001	1,65765E-001	3,86673E-004	...........	-327,67
	1038	2607,89	1,65787E-001	1,65755E-001	3,86919E-004	...........	-327,67
	1039	2610,4	1,65777E-001	1,65748E-001	3,85959E-004	...........	-327,67
	1040	2612,91	1,65767E-001	1,65737E-001	3,85672E-004	...........	-327,67
	1041	2615,42	1,65757E-001	1,65723E-001	3,86873E-004	...........	-327,67
	1042	2617,93	1,65747E-001	1,65712E-001	3,87246E-004	...........	-327,67
	1043	2620,44	1,65736E-001	1,65707E-001	3,84912E-004	...........	-327,67
	1044	2622,95	1,65725E-001	1,65696E-001	3,87953E-004	...........	-327,67
	1045	2625,46	1,65715E-001	1,65684E-001	3,86106E-004	...........	-327,67
	1046	2627,97	1,65706E-001	1,65674E-001	3,86993E-004	...........	-327,67
	1047	2630,48	1,65696E-001	1,65667E-001	3,84865E-004	...........	-327,67
	1048	2632,99	1,65686E-001	1,65657E-001	3,86132E-004	...........	-327,67
	1049	2635,5	1,65676E-001	1,65646E-001	3,85025E-004	...........	-327,67
	1050	2638,01	1,65667E-001	1,65636E-001	3,86219E-004	...........	-327,67
	1051	2640,52	1,65657E-001	1,65625E-001	3,87620E-004	...........	-327,67
	1052	2643,03	1,65647E-001	1,65616E-001	3,85519E-004	...........	-327,67
	1053	2645,54	1,65637E-001	1,65607E-001	3,85826E-004	...........	-327,67
	1054	2648,05	1,65627E-001	1,65596E-001	3,84999E-004	...........	-327,67
	1055	2650,56	1,65617E-001	1,65588E-001	3,85639E-004	...........	-327,67
	1056	2653,07	1,65607E-001	1,65576E-001	3,86519E-004	...........	-327,67
	1057	2655,58	1,65598E-001	1,65566E-001	3,85559E-004	...........	-327,67
	1058	2658,09	1,65588E-001	1,65557E-001	3,85059E-004	...........	-327,67
	1059	2660,6	1,65578E-001	1,65549E-001	3,85419E-004	...........	-327,67
	1060	2663,11	1,65568E-001	1,65534E-001	3,83671E-004	...........	-327,67
	1061	2665,62	1,65558E-001	1,65524E-001	3,86453E-004	...........	-327,67
	1062	2668,13	1,65547E-001	1,65519E-001	3,85465E-004	...........	-327,67
	1063	2670,64	1,65537E-001	1,65507E-001	3,85766E-004	...........	-327,67
	1064	2673,15	1,65527E-001	1,65500E-001	3,84245E-004	...........	-327,67
	1065	2675,66	1,65518E-001	1,65490E-001	3,83311E-004	...........	-327,67
	1066	2678,17	1,65509E-001	1,65481E-001	3,84458E-004	...........	-327,67
	1067	2680,68	1,65500E-001	1,65473E-001	3,84078E-004	...........	-327,67
	1068	2683,19	1,65491E-001	1,65461E-001	3,84565E-004	...........	-327,67
	1069	2685,7	1,65482E-001	1,65451E-001	3,84338E-004	...........	-327,67
	1070	2688,21	1,65472E-001	1,65440E-001	3,82998E-004	...........	-327,67
	1071	2690,72	1,65462E-001	1,65432E-001	3,84585E-004	...........	-327,67
	1072	2693,23	1,65452E-001	1,65422E-001	3,85285E-004	...........	-327,67
	1073	2695,74	1,65442E-001	1,65415E-001	3,85739E-004	...........	-327,67
	1074	2698,25	1,65433E-001	1,65405E-001	3,86106E-004	...........	-327,67
	1075	2700,76	1,65424E-001	1,65398E-001	3,85399E-004	...........	-327,67
	1076	2703,27	1,65415E-001	1,65389E-001	3,85772E-004	...........	-327,67
	1077	2705,78	1,65407E-001	1,65393E-001	3,84765E-004	...........	-327,67
	1078	2708,29	1,65399E-001	1,65369E-001	3,84592E-004	...........	-327,67
	1079	2710,8	1,65392E-001	1,65348E-001	3,84378E-004	...........	-327,67
	1080	2713,31	1,65382E-001	1,65350E-001	3,84425E-004	...........	-327,67
	1081	2715,82	1,65371E-001	1,65342E-001	3,86619E-004	...........	-327,67
	1082	2718,33	1,65359E-001	1,65333E-001	3,86446E-004	...........	-327,67
	1083	2720,84	1,65350E-001	1,65322E-001	3,86212E-004	...........	-327,67
	1084	2723,35	1,65341E-001	1,65312E-001	3,87660E-004	...........	-327,67
	1085	2725,86	1,65332E-001	1,65305E-001	3,85992E-004	...........	-327,67
	1086	2728,37	1,65323E-001	1,65293E-001	3,87146E-004	...........	-327,67
	1087	2730,88	1,65314E-001	1,65288E-001	3,86306E-004	...........	-327,67
	1088	2733,39	1,65305E-001	1,65282E-001	3,85819E-004	...........	-327,67
	1089	2735,9	1,65296E-001	1,65264E-001	3,85499E-004	...........	-327,67
	1090	2738,41	1,65287E-001	1,65255E-001	3,86933E-004	...........	-327,67
	1091	2740,92	1,65278E-001	1,65246E-001	3,85712E-004	...........	-327,67
	1092	2743,43	1,65268E-001	1,65239E-001	3,84538E-004	...........	-327,67
	1093	2745,94	1,65257E-001	1,65228E-001	3,84912E-004	...........	-327,67
	1094	2748,45	1,65248E-001	1,65217E-001	3,85746E-004	...........	-327,67
	1095	2750,96	1,65238E-001	1,65210E-001	3,86846E-004	...........	-327,67
	1096	2753,47	1,65229E-001	1,65200E-001	3,86506E-004	...........	-327,67
	1097	2755,98	1,65219E-001	1,65191E-001	3,85706E-004	...........	-327,67
	1098	2758,49	1,65210E-001	1,65182E-001	3,86979E-004	...........	-327,67
	1099	2761	1,65201E-001	1,65172E-001	3,87019E-004	...........	-327,67
	1100	2763,51	1,65192E-001	1,65160E-001	3,87306E-004	...........	-327,67
	1101	2766,02	1,65182E-001	1,65146E-001	3,86279E-004	...........	-327,67
	1102	2768,53	1,65172E-001	1,65138E-001	3,86979E-004	...........	-327,67
	1103	2771,04	1,65161E-001	1,65136E-001	3,88133E-004	...........	-327,67
	1104	2773,55	1,65150E-001	1,65121E-001	3,86533E-004	...........	-327,67
	1105	2776,06	1,65141E-001	1,65112E-001	3,87300E-004	...........	-327,67
	1106	2778,57	1,65132E-001	1,65103E-001	3,88740E-004	...........	-327,67
	1107	2781,08	1,65123E-001	1,65091E-001	3,87346E-004	...........	-327,67
	1108	2783,59	1,65113E-001	1,65086E-001	3,87466E-004	...........	-327,67
	1109	2786,1	1,65103E-001	1,65074E-001	3,85746E-004	...........	-327,67
	1110	2788,61	1,65094E-001	1,65068E-001	3,85979E-004	...........	-327,67
	1111	2791,12	1,65085E-001	1,65060E-001	3,88287E-004	...........	-327,67
	1112	2793,63	1,65076E-001	1,65053E-001	3,85165E-004	...........	-327,67
	1113	2796,14	1,65068E-001	1,65040E-001	3,85939E-004	...........	-327,67
	1114	2798,65	1,65060E-001	1,65034E-001	3,86132E-004	...........	-327,67
	1115	2801,16	1,65052E-001	1,65022E-001	3,85539E-004	...........	-327,67
	1116	2803,67	1,65043E-001	1,65010E-001	3,85639E-004	...........	-327,67
	1117	2806,18	1,65033E-001	1,65003E-001	3,85872E-004	...........	-327,67
	1118	2808,69	1,65023E-001	1,64989E-001	3,86479E-004	...........	-327,67
	1119	2811,2	1,65012E-001	1,64980E-001	3,87680E-004	...........	-327,67
	1120	2813,71	1,65002E-001	1,64971E-001	3,85626E-004	...........	-327,67
	1121	2816,22	1,64991E-001	1,64964E-001	3,87093E-004	...........	-327,67
	1122	2818,73	1,64982E-001	1,64956E-001	3,86393E-004	...........	-327,67
	1123	2821,24	1,64973E-001	1,64946E-001	3,84805E-004	...........	-327,67
	1124	2823,75	1,64964E-001	1,64934E-001	3,85906E-004	...........	-327,67
	1125	2826,26	1,64955E-001	1,64925E-001	3,86933E-004	...........	-327,67
	1126	2828,77	1,64946E-001	1,64916E-001	3,87320E-004	...........	-327,67
	1127	2831,28	1,64936E-001	1,64908E-001	3,85839E-004	...........	-327,67
	1128	2833,79	1,64926E-001	1,64896E-001	3,84992E-004	...........	-327,67
	1129	2836,3	1,64917E-001	1,64885E-001	3,86312E-004	...........	-327,67
	1130	2838,81	1,64907E-001	1,64880E-001	3,84919E-004	...........	-327,67
	1131	2841,32	1,64898E-001	1,64870E-001	3,85766E-004	...........	-327,67
	1132	2843,83	1,64888E-001	1,64861E-001	3,86219E-004	...........	-327,67
	1133	2846,34	1,64879E-001	1,64852E-001	3,86132E-004	...........	-327,67
	1134	2848,85	1,64871E-001	1,64842E-001	3,87260E-004	...........	-327,67
	1135	2851,36	1,64862E-001	1,64834E-001	3,85666E-004	...........	-327,67
	1136	2853,87	1,64853E-001	1,64823E-001	3,85852E-004	...........	-327,67
	1137	2856,38	1,64843E-001	1,64815E-001	3,85419E-004	...........	-327,67
	1138	2858,89	1,64834E-001	1,64806E-001	3,85112E-004	...........	-327,67
	1139	2861,4	1,64825E-001	1,64795E-001	3,85092E-004	...........	-327,67
	1140	2863,91	1,64815E-001	1,64789E-001	3,83791E-004	...........	-327,67
	1141	2866,42	1,64806E-001	1,64781E-001	3,84979E-004	...........	-327,67
	1142	2868,93	1,64798E-001	1,64772E-001	3,84345E-004	...........	-327,67
	1143	2871,44	1,64789E-001	1,64765E-001	3,82624E-004	...........	-327,67
	1144	2873,95	1,64781E-001	1,64754E-001	3,87046E-004	...........	-327,67
	1145	2876,46	1,64773E-001	1,64746E-001	3,85619E-004	...........	-327,67
	1146	2878,97	1,64764E-001	1,64737E-001	3,85085E-004	...........	-327,67
	1147	2881,48	1,64755E-001	1,64732E-001	3,86559E-004	...........	-327,67
	1148	2883,99	1,64747E-001	1,64719E-001	3,85966E-004	...........	-327,67
	1149	2886,5	1,64738E-001	1,64711E-001	3,86573E-004	...........	-327,67
	1150	2889,01	1,64730E-001	1,64701E-001	3,86793E-004	...........	-327,67
	1151	2891,52	1,64721E-001	1,64694E-001	3,85519E-004	...........	-327,67
	1152	2894,03	1,64712E-001	1,64688E-001	3,84652E-004	...........	-327,67
	1153	2896,54	1,64703E-001	1,64678E-001	3,84452E-004	...........	-327,67
	1154	2899,05	1,64695E-001	1,64668E-001	3,84858E-004	...........	-327,67
	1155	2901,56	1,64687E-001	1,64658E-001	3,86466E-004	...........	-327,67
	1156	2904,07	1,64678E-001	1,64649E-001	3,84105E-004	...........	-327,67
	1157	2906,58	1,64669E-001	1,64645E-001	3,85452E-004	...........	-327,67
	1158	2909,09	1,64660E-001	1,64629E-001	3,85052E-004	...........	-327,67
	1159	2911,6	1,64652E-001	1,64671E-001	3,85332E-004	...........	-327,67
	1160	2914,11	1,64646E-001	1,64607E-001	3,86519E-004	...........	-327,67
	1161	2916,62	1,64642E-001	1,64600E-001	3,84505E-004	...........	-327,67
	1162	2919,13	1,64635E-001	1,64592E-001	3,85839E-004	...........	-327,67
	1163	2921,64	1,64622E-001	1,64585E-001	3,85425E-004	...........	-327,67
	1164	2924,15	1,64607E-001	1,64578E-001	3,87320E-004	...........	-327,67
	1165	2926,66	1,64595E-001	1,64571E-001	3,85012E-004	...........	-327,67
	1166	2929,17	1,64586E-001	1,64560E-001	3,85552E-004	...........	-327,67
	1167	2931,68	1,64578E-001	1,64551E-001	3,85839E-004	...........	-327,67
	1168	2934,19	1,64570E-001	1,64542E-001	3,86559E-004	...........	-327,67
	1169	2936,7	1,64561E-001	1,64533E-001	3,85966E-004	...........	-327,67
	1170	2939,21	1,64552E-001	1,64519E-001	3,87700E-004	...........	-327,67
	1171	2941,72	1,64542E-001	1,64510E-001	3,86206E-004	...........	-327,67
	1172	2944,23	1,64532E-001	1,64503E-001	3,85952E-004	...........	-327,67
	1173	2946,74	1,64522E-001	1,64493E-001	3,86373E-004	...........	-327,67
	1174	2949,25	1,64512E-001	1,64484E-001	3,86646E-004	...........	-327,67
	1175	2951,76	1,64503E-001	1,64478E-001	3,85552E-004	...........	-327,67
	1176	2954,27	1,64494E-001	1,64466E-001	3,85612E-004	...........	-327,67
	1177	2956,78	1,64485E-001	1,64454E-001	3,86019E-004	...........	-327,67
	1178	2959,29	1,64476E-001	1,64443E-001	3,87153E-004	...........	-327,67
	1179	2961,8	1,64466E-001	1,64436E-001	3,85325E-004	...........	-327,67
	1180	2964,31	1,64456E-001	1,64429E-001	3,85832E-004	...........	-327,67
	1181	2966,82	1,64446E-001	1,64415E-001	3,86212E-004	...........	-327,67
	1182	2969,33	1,64437E-001	1,64407E-001	3,85112E-004	...........	-327,67
	1183	2971,84	1,64427E-001	1,64400E-001	3,86346E-004	...........	-327,67
	1184	2974,35	1,64418E-001	1,64387E-001	3,84258E-004	...........	-327,67
	1185	2976,86	1,64408E-001	1,64378E-001	3,84845E-004	...........	-327,67
	1186	2979,37	1,64398E-001	1,64369E-001	3,84878E-004	...........	-327,67
	1187	2981,88	1,64389E-001	1,64356E-001	3,86546E-004	...........	-327,67
	1188	2984,39	1,64379E-001	1,64348E-001	3,86066E-004	...........	-327,67
	1189	2986,9	1,64368E-001	1,64338E-001	3,86893E-004	...........	-327,67
	1190	2989,41	1,64358E-001	1,64330E-001	3,85939E-004	...........	-327,67
	1191	2991,92	1,64349E-001	1,64319E-001	3,87280E-004	...........	-327,67
	1192	2994,43	1,64339E-001	1,64309E-001	3,85519E-004	...........	-327,67
	1193	2996,94	1,64330E-001	1,64300E-001	3,85706E-004	...........	-327,67
	1194	2999,45	1,64320E-001	1,64292E-001	3,85679E-004	...........	-327,67
	1195	3001,96	1,64311E-001	1,64280E-001	3,86339E-004	...........	-327,67
	1196	3004,47	1,64301E-001	1,64275E-001	3,84885E-004	...........	-327,67
	1197	3006,98	1,64292E-001	1,64263E-001	3,85719E-004	...........	-327,67
	1198	3009,49	1,64283E-001	1,64252E-001	3,86286E-004	...........	-327,67
	1199	3012	1,64273E-001	1,64245E-001	3,86026E-004	...........	-327,67
	1200	3014,51	1,64264E-001	1,64234E-001	3,85899E-004	...........	-327,67
	1201	3017,02	1,64254E-001	1,64225E-001	3,86506E-004	...........	-327,67
	1202	3019,53	1,64245E-001	1,64214E-001	3,85372E-004	...........	-327,67
	1203	3022,04	1,64235E-001	1,64205E-001	3,84145E-004	...........	-327,67
	1204	3024,55	1,64225E-001	1,64194E-001	3,86513E-004	...........	-327,67
	1205	3027,06	1,64215E-001	1,64186E-001	3,84452E-004	...........	-327,67
	1206	3029,57	1,64205E-001	1,64175E-001	3,86479E-004	...........	-327,67
	1207	3032,08	1,64196E-001	1,64166E-001	3,86312E-004	...........	-327,67
	1208	3034,59	1,64186E-001	1,64158E-001	3,85465E-004	...........	-327,67
	1209	3037,1	1,64176E-001	1,64144E-001	3,86072E-004	...........	-327,67
	1210	3039,61	1,64167E-001	1,64135E-001	3,86332E-004	...........	-327,67
	1211	3042,12	1,64156E-001	1,64122E-001	3,86132E-004	...........	-327,67
	1212	3044,63	1,64146E-001	1,64113E-001	3,85459E-004	...........	-327,67
	1213	3047,14	1,64135E-001	1,64102E-001	3,84712E-004	...........	-327,67
	1214	3049,65	1,64124E-001	1,64093E-001	3,84412E-004	...........	-327,67
	1215	3052,16	1,64114E-001	1,64078E-001	3,84292E-004	...........	-327,67
	1216	3054,67	1,64103E-001	1,64067E-001	3,85886E-004	...........	-327,67
	1217	3057,18	1,64092E-001	1,64054E-001	3,85372E-004	...........	-327,67
	1218	3059,69	1,64080E-001	1,64042E-001	3,84992E-004	...........	-327,67
	1219	3062,2	1,64068E-001	1,64030E-001	3,85059E-004	...........	-327,67
	1220	3064,71	1,64055E-001	1,64016E-001	3,85959E-004	...........	-327,67
	1221	3067,22	1,64043E-001	1,64002E-001	3,86906E-004	...........	-327,67
	1222	3069,73	1,64030E-001	1,63992E-001	3,86526E-004	...........	-327,67
	1223	3072,24	1,64018E-001	1,63984E-001	3,86086E-004	...........	-327,67
	1224	3074,75	1,64005E-001	1,63973E-001	3,86833E-004	...........	-327,67
	1225	3077,26	1,63994E-001	1,63963E-001	3,86779E-004	...........	-327,67
	1226	3079,77	1,63984E-001	1,63956E-001	3,86479E-004	...........	-327,67
	1227	3082,28	1,63974E-001	1,63946E-001	3,85405E-004	...........	-327,67
	1228	3084,79	1,63965E-001	1,63937E-001	3,86252E-004	...........	-327,67
	1229	3087,3	1,63956E-001	1,63931E-001	3,84818E-004	...........	-327,67
	1230	3089,81	1,63947E-001	1,63920E-001	3,86259E-004	...........	-327,67
	1231	3092,32	1,63939E-001	1,63913E-001	3,85992E-004	...........	-327,67
	1232	3094,83	1,63931E-001	1,63921E-001	3,87273E-004	...........	-327,67
	1233	3097,34	1,63923E-001	1,63890E-001	3,84872E-004	...........	-327,67
	1234	3099,85	1,63916E-001	1,63886E-001	3,85492E-004	...........	-327,67
	1235	3102,36	1,63908E-001	1,63875E-001	3,85059E-004	...........	-327,67
	1236	3104,87	1,63898E-001	1,63867E-001	3,84818E-004	...........	-327,67
	1237	3107,38	1,63887E-001	1,63861E-001	3,86913E-004	...........	-327,67
	1238	3109,89	1,63877E-001	1,63855E-001	3,83905E-004	...........	-327,67
	1239	3112,4	1,63869E-001	1,63851E-001	3,85459E-004	...........	-327,67
	1240	3114,91	1,63862E-001	1,63844E-001	3,84552E-004	...........	-327,67
	1241	3117,42	1,63856E-001	1,63835E-001	3,85019E-004	...........	-327,67
	1242	3119,93	1,63850E-001	1,63829E-001	3,86026E-004	...........	-327,67
	1243	3122,44	1,63844E-001	1,63824E-001	3,86139E-004	...........	-327,67
	1244	3124,95	1,63837E-001	1,63814E-001	3,85199E-004	...........	-327,67
	1245	3127,46	1,63830E-001	1,63807E-001	3,84772E-004	...........	-327,67
	1246	3129,97	1,63823E-001	1,63802E-001	3,85732E-004	...........	-327,67
	1247	3132,48	1,63816E-001	1,63794E-001	3,86459E-004	...........	-327,67
	1248	3134,99	1,63808E-001	1,63785E-001	3,85099E-004	...........	-327,67
	1249	3137,5	1,63799E-001	1,63673E-001	3,85525E-004	...........	-327,67
	1250	3140,01	1,63784E-001	1,63780E-001	3,87480E-004	...........	-327,67
	1251	3142,52	1,63764E-001	1,63749E-001	3,86893E-004	...........	-327,67
	1252	3145,03	1,63750E-001	1,63758E-001	3,87947E-004	...........	-327,67
	1253	3147,54	1,63747E-001	1,63760E-001	3,86426E-004	...........	-327,67
	1254	3150,05	1,63751E-001	1,63750E-001	3,87593E-004	...........	-327,67
	1255	3152,56	1,63754E-001	1,63737E-001	3,87506E-004	...........	-327,67
	1256	3155,07	1,63753E-001	1,63747E-001	3,86246E-004	...........	-327,67
	1257	3157,58	1,63750E-001	1,63737E-001	3,86479E-004	...........	-327,67
	1258	3160,09	1,63745E-001	1,63703E-001	3,88047E-004	...........	-327,67
	1259	3162,6	1,63738E-001	1,63701E-001	3,86626E-004	...........	-327,67
	1260	3165,11	1,63728E-001	1,63691E-001	3,87260E-004	...........	-327,67
	1261	3167,62	1,63715E-001	1,63683E-001	3,86806E-004	...........	-327,67
	1262	3170,13	1,63703E-001	1,63670E-001	3,86873E-004	...........	-327,67
	1263	3172,64	1,63692E-001	1,63666E-001	3,85879E-004	...........	-327,67
	1264	3175,15	1,63683E-001	1,63709E-001	3,87773E-004	...........	-327,67
	1265	3177,66	1,63679E-001	1,63654E-001	3,87820E-004	...........	-327,67
	1266	3180,17	1,63677E-001	1,63648E-001	3,86746E-004	...........	-327,67
	1267	3182,68	1,63674E-001	1,63641E-001	3,86773E-004	...........	-327,67
	1268	3185,19	1,63665E-001	1,63634E-001	3,86819E-004	...........	-327,67
	1269	3187,7	1,63654E-001	1,63622E-001	3,86799E-004	...........	-327,67
	1270	3190,21	1,63643E-001	1,63611E-001	3,86412E-004	...........	-327,67
	1271	3192,72	1,63633E-001	1,63608E-001	3,83945E-004	...........	-327,67
	1272	3195,23	1,63624E-001	1,63602E-001	3,84932E-004	...........	-327,67
	1273	3197,74	1,63615E-001	1,63594E-001	3,84578E-004	...........	-327,67
	1274	3200,25	1,63608E-001	1,63587E-001	3,87420E-004	...........	-327,67
	1275	3202,76	1,63601E-001	1,63577E-001	3,86593E-004	...........	-327,67
	1276	3205,27	1,63595E-001	1,63598E-001	3,85025E-004	...........	-327,67
	1277	3207,78	1,63589E-001	1,63561E-001	3,84432E-004	...........	-327,67
	1278	3210,29	1,63585E-001	1,63554E-001	3,85672E-004	...........	-327,67
	1279	3212,8	1,63578E-001	1,63543E-001	3,87967E-004	...........	-327,67
	1280	3215,31	1,63568E-001	1,63534E-001	3,87306E-004	...........	-327,67
	1281	3217,82	1,63557E-001	1,63546E-001	3,87593E-004	...........	-327,67
	1282	3220,33	1,63547E-001	1,63503E-001	3,86953E-004	...........	-327,67
	1283	3222,84	1,63538E-001	1,63502E-001	3,86366E-004	...........	-327,67
	1284	3225,35	1,63528E-001	1,63495E-001	3,88053E-004	...........	-327,67
	1285	3227,86	1,63516E-001	1,63485E-001	3,88027E-004	...........	-327,67
	1286	3230,37	1,63505E-001	1,63477E-001	3,85299E-004	...........	-327,67
	1287	3232,88	1,63495E-001	1,63472E-001	3,86032E-004	...........	-327,67
	1288	3235,39	1,63486E-001	1,63464E-001	3,84225E-004	...........	-327,67
	1289	3237,9	1,63479E-001	1,63448E-001	3,85679E-004	...........	-327,67
	1290	3240,41	1,63471E-001	1,63448E-001	3,86139E-004	...........	-327,67
	1291	3242,92	1,63462E-001	1,63431E-001	3,85879E-004	...........	-327,67
	1292	3245,43	1,63453E-001	1,63429E-001	3,86159E-004	...........	-327,67
	1293	3247,94	1,63445E-001	1,63419E-001	3,85992E-004	...........	-327,67
	1294	3250,45	1,63436E-001	1,63408E-001	3,87920E-004	...........	-327,67
	1295	3252,96	1,63427E-001	1,63404E-001	3,85425E-004	...........	-327,67
	1296	3255,47	1,63419E-001	1,63387E-001	3,86486E-004	...........	-327,67
	1297	3257,98	1,63410E-001	1,63381E-001	3,85372E-004	...........	-327,67
	1298	3260,49	1,63399E-001	1,63300E-001	3,85499E-004	...........	-327,67
	1299	3263	1,63384E-001	1,63377E-001	3,86252E-004	...........	-327,67
	1300	3265,51	1,63368E-001	1,63371E-001	3,86619E-004	...........	-327,67
	1301	3268,02	1,63358E-001	1,63346E-001	3,86926E-004	...........	-327,67
	1302	3270,53	1,63356E-001	1,63341E-001	3,85692E-004	...........	-327,67
	1303	3273,04	1,63355E-001	1,63340E-001	3,86072E-004	...........	-327,67
	1304	3275,55	1,63351E-001	1,63338E-001	3,85045E-004	...........	-327,67
	1305	3278,06	1,63346E-001	1,63315E-001	3,86786E-004	...........	-327,67
	1306	3280,57	1,63339E-001	1,63318E-001	3,83058E-004	...........	-327,67
	1307	3283,08	1,63332E-001	1,63324E-001	3,84892E-004	...........	-327,67
	1308	3285,59	1,63327E-001	1,63372E-001	3,86666E-004	...........	-327,67
	1309	3288,1	1,63326E-001	1,63283E-001	3,86346E-004	...........	-327,67
	1310	3290,61	1,63330E-001	1,63403E-001	3,87560E-004	...........	-327,67
	1311	3293,12	1,63334E-001	1,63281E-001	3,86046E-004	...........	-327,67
	1312	3295,63	1,63335E-001	1,63273E-001	3,86913E-004	...........	-327,67
	1313	3298,14	1,63327E-001	1,63263E-001	3,83625E-004	...........	-327,67
	1314	3300,65	1,63308E-001	1,63268E-001	3,86826E-004	...........	-327,67
	1315	3303,16	1,63288E-001	1,63247E-001	3,85672E-004	...........	-327,67
	1316	3305,67	1,63272E-001	1,63241E-001	3,85819E-004	...........	-327,67
	1317	3308,18	1,63260E-001	1,63236E-001	3,87280E-004	...........	-327,67
	1318	3310,69	1,63251E-001	1,63226E-001	3,85259E-004	...........	-327,67
	1319	3313,2	1,63243E-001	1,63217E-001	3,86099E-004	...........	-327,67
	1320	3315,71	1,63235E-001	1,63210E-001	3,85239E-004	...........	-327,67
	1321	3318,22	1,63227E-001	1,63203E-001	3,85519E-004	...........	-327,67
	1322	3320,73	1,63219E-001	1,63194E-001	3,85639E-004	...........	-327,67
	1323	3323,24	1,63211E-001	1,63187E-001	3,84758E-004	...........	-327,67
	1324	3325,75	1,63203E-001	1,63177E-001	3,85205E-004	...........	-327,67
	1325	3328,26	1,63195E-001	1,63172E-001	3,87453E-004	...........	-327,67
	1326	3330,77	1,63187E-001	1,63160E-001	3,85312E-004	...........	-327,67
	1327	3333,28	1,63179E-001	1,63151E-001	3,86066E-004	...........	-327,67
	1328	3335,79	1,63170E-001	1,63145E-001	3,86226E-004	...........	-327,67
	1329	3338,3	1,63162E-001	1,63134E-001	3,87373E-004	...........	-327,67
	1330	3340,81	1,63153E-001	1,63127E-001	3,85425E-004	...........	-327,67
	1331	3343,32	1,63144E-001	1,63091E-001	3,86012E-004	...........	-327,67
	1332	3345,83	1,63133E-001	1,63118E-001	3,85632E-004	...........	-327,67
	1333	3348,34	1,63122E-001	1,63117E-001	3,84665E-004	...........	-327,67
	1334	3350,85	1,63115E-001	1,63105E-001	3,86579E-004	...........	-327,67
	1335	3353,36	1,63112E-001	1,63097E-001	3,85005E-004	...........	-327,67
	1336	3355,87	1,63109E-001	1,63085E-001	3,84878E-004	...........	-327,67
	1337	3358,38	1,63104E-001	1,63084E-001	3,85799E-004	...........	-327,67
	1338	3360,89	1,63098E-001	1,63073E-001	3,86092E-004	...........	-327,67
	1339	3363,4	1,63090E-001	1,63061E-001	3,85592E-004	...........	-327,67
	1340	3365,91	1,63081E-001	1,63054E-001	3,85285E-004	...........	-327,67
	1341	3368,42	1,63073E-001	1,63043E-001	3,83585E-004	...........	-327,67
	1342	3370,93	1,63063E-001	1,63040E-001	3,85392E-004	...........	-327,67
	1343	3373,44	1,63054E-001	1,63029E-001	3,85099E-004	...........	-327,67
	1344	3375,95	1,63046E-001	1,63019E-001	3,86112E-004	...........	-327,67
	1345	3378,46	1,63038E-001	1,63009E-001	3,86066E-004	...........	-327,67
	1346	3380,97	1,63029E-001	1,63004E-001	3,85585E-004	...........	-327,67
	1347	3383,48	1,63020E-001	1,62997E-001	3,85779E-004	...........	-327,67
	1348	3385,99	1,63012E-001	1,62988E-001	3,84418E-004	...........	-327,67
	1349	3388,5	1,63004E-001	1,62978E-001	3,86673E-004	...........	-327,67
	1350	3391,01	1,62996E-001	1,62968E-001	3,85325E-004	...........	-327,67
	1351	3393,52	1,62988E-001	1,62960E-001	3,86639E-004	...........	-327,67
	1352	3396,03	1,62979E-001	1,62953E-001	3,86219E-004	...........	-327,67
	1353	3398,54	1,62970E-001	1,62944E-001	3,87080E-004	...........	-327,67
	1354	3401,05	1,62961E-001	1,62939E-001	3,86066E-004	...........	-327,67
	1355	3403,56	1,62953E-001	1,62928E-001	3,88714E-004	...........	-327,67
	1356	3406,07	1,62946E-001	1,62921E-001	3,86086E-004	...........	-327,67
	1357	3408,58	1,62938E-001	1,62912E-001	3,87740E-004	...........	-327,67
	1358	3411,09	1,62930E-001	1,62905E-001	3,87666E-004	...........	-327,67
	1359	3413,6	1,62921E-001	1,62897E-001	3,88367E-004	...........	-327,67
	1360	3416,11	1,62913E-001	1,62889E-001	3,87306E-004	...........	-327,67
	1361	3418,62	1,62905E-001	1,62883E-001	3,86679E-004	...........	-327,67
	1362	3421,13	1,62898E-001	1,62873E-001	3,86433E-004	...........	-327,67
	1363	3423,64	1,62890E-001	1,62863E-001	3,86139E-004	...........	-327,67
	1364	3426,15	1,62882E-001	1,62856E-001	3,84071E-004	...........	-327,67
	1365	3428,66	1,62874E-001	1,62848E-001	3,84272E-004	...........	-327,67
	1366	3431,17	1,62865E-001	1,62839E-001	3,84818E-004	...........	-327,67
	1367	3433,68	1,62857E-001	1,62831E-001	3,83585E-004	...........	-327,67
	1368	3436,19	1,62848E-001	1,62821E-001	3,85992E-004	...........	-327,67
	1369	3438,7	1,62840E-001	1,62816E-001	3,86766E-004	...........	-327,67
	1370	3441,21	1,62831E-001	1,62809E-001	3,86312E-004	...........	-327,67
	1371	3443,72	1,62823E-001	1,62794E-001	3,85485E-004	...........	-327,67
	1372	3446,23	1,62815E-001	1,62792E-001	3,86686E-004	...........	-327,67
	1373	3448,74	1,62807E-001	1,62785E-001	3,86439E-004	...........	-327,67
	1374	3451,25	1,62799E-001	1,62775E-001	3,86186E-004	...........	-327,67
	1375	3453,76	1,62793E-001	1,62844E-001	3,84912E-004	...........	-327,67
	1376	3456,27	1,62791E-001	1,62752E-001	3,86266E-004	...........	-327,67
	1377	3458,78	1,62792E-001	1,62749E-001	3,85899E-004	...........	-327,67
	1378	3461,29	1,62788E-001	1,62742E-001	3,84919E-004	...........	-327,67
	1379	3463,8	1,62775E-001	1,62734E-001	3,85092E-004	...........	-327,67
	1380	3466,31	1,62759E-001	1,62726E-001	3,85012E-004	...........	-327,67
	1381	3468,82	1,62746E-001	1,62721E-001	3,85525E-004	...........	-327,67
	1382	3471,33	1,62735E-001	1,62712E-001	3,86566E-004	...........	-327,67
	1383	3473,84	1,62727E-001	1,62703E-001	3,84792E-004	...........	-327,67
	1384	3476,35	1,62720E-001	1,62695E-001	3,84178E-004	...........	-327,67
	1385	3478,86	1,62712E-001	1,62689E-001	3,82884E-004	...........	-327,67
	1386	3481,37	1,62704E-001	1,62680E-001	3,84305E-004	...........	-327,67
	1387	3483,88	1,62696E-001	1,62669E-001	3,85245E-004	...........	-327,67
	1388	3486,39	1,62688E-001	1,62662E-001	3,84899E-004	...........	-327,67
	1389	3488,9	1,62679E-001	1,62655E-001	3,84905E-004	...........	-327,67
	1390	3491,41	1,62671E-001	1,62648E-001	3,84572E-004	...........	-327,67
	1391	3493,92	1,62663E-001	1,62639E-001	3,84005E-004	...........	-327,67
	1392	3496,43	1,62655E-001	1,62631E-001	3,85766E-004	...........	-327,67
	1393	3498,94	1,62648E-001	1,62623E-001	3,83578E-004	...........	-327,67
	1394	3501,45	1,62640E-001	1,62615E-001	3,83658E-004	...........	-327,67
	1395	3503,96	1,62632E-001	1,62605E-001	3,85019E-004	...........	-327,67
	1396	3506,47	1,62623E-001	1,62599E-001	3,84111E-004	...........	-327,67
	1397	3508,98	1,62615E-001	1,62588E-001	3,86066E-004	...........	-327,67
	1398	3511,49	1,62607E-001	1,62586E-001	3,85465E-004	...........	-327,67
	1399	3514	1,62599E-001	1,62577E-001	3,85065E-004	...........	-327,67
	1400	3516,51	1,62591E-001	1,62568E-001	3,83985E-004	...........	-327,67
	1401	3519,02	1,62584E-001	1,62559E-001	3,84658E-004	...........	-327,67
	1402	3521,53	1,62577E-001	1,62551E-001	3,82417E-004	...........	-327,67
	1403	3524,04	1,62569E-001	1,62541E-001	3,85672E-004	...........	-327,67
	1404	3526,55	1,62560E-001	1,62534E-001	3,82557E-004	...........	-327,67
	1405	3529,06	1,62551E-001	1,62529E-001	3,83978E-004	...........	-327,67
	1406	3531,57	1,62543E-001	1,62521E-001	3,84485E-004	...........	-327,67
	1407	3534,08	1,62535E-001	1,62513E-001	3,83084E-004	...........	-327,67
	1408	3536,59	1,62528E-001	1,62505E-001	3,83785E-004	...........	-327,67
	1409	3539,1	1,62521E-001	1,62500E-001	3,82371E-004	...........	-327,67
	1410	3541,61	1,62514E-001	1,62490E-001	3,82551E-004	...........	-327,67
	1411	3544,12	1,62506E-001	1,62484E-001	3,83344E-004	...........	-327,67
	1412	3546,63	1,62499E-001	1,62475E-001	3,82411E-004	...........	-327,67
	1413	3549,14	1,62492E-001	1,62468E-001	3,82584E-004	...........	-327,67
	1414	3551,65	1,62484E-001	1,62459E-001	3,83785E-004	...........	-327,67
	1415	3554,16	1,62476E-001	1,62452E-001	3,84298E-004	...........	-327,67
	1416	3556,67	1,62468E-001	1,62444E-001	3,85599E-004	...........	-327,67
	1417	3559,18	1,62460E-001	1,62436E-001	3,84058E-004	...........	-327,67
	1418	3561,69	1,62452E-001	1,62429E-001	3,82444E-004	...........	-327,67
	1419	3564,2	1,62445E-001	1,62424E-001	3,82964E-004	...........	-327,67
	1420	3566,71	1,62437E-001	1,62419E-001	3,82037E-004	...........	-327,67
	1421	3569,22	1,62430E-001	1,62409E-001	3,82651E-004	...........	-327,67
	1422	3571,73	1,62424E-001	1,62402E-001	3,84705E-004	...........	-327,67
	1423	3574,24	1,62417E-001	1,62395E-001	3,84185E-004	...........	-327,67
	1424	3576,75	1,62410E-001	1,62392E-001	3,84858E-004	...........	-327,67
	1425	3579,26	1,62403E-001	1,62384E-001	3,83424E-004	...........	-327,67
	1426	3581,77	1,62397E-001	1,62379E-001	3,82958E-004	...........	-327,67
	1427	3584,28	1,62391E-001	1,62372E-001	3,82444E-004	...........	-327,67
	1428	3586,79	1,62385E-001	1,62363E-001	3,83818E-004	...........	-327,67
	1429	3589,3	1,62378E-001	1,62355E-001	3,81904E-004	...........	-327,67
	1430	3591,81	1,62371E-001	1,62349E-001	3,84385E-004	...........	-327,67
	1431	3594,32	1,62364E-001	1,62340E-001	3,82391E-004	...........	-327,67
	1432	3596,83	1,62357E-001	1,62335E-001	3,82864E-004	...........	-327,67
	1433	3599,34	1,62349E-001	1,62328E-001	3,83458E-004	...........	-327,67
EOC	QUANT	0,1623492	Open Circuit (V)
PSTATMODEL	IQUANT	87	Pstat Model
PSTATSECTION	LABEL	REF620-51061	Pstat Section
PSTATSERIALNO	LABEL	51061	Pstat Serial Number
CTRLMODE	IQUANT	1	Control Mode
ELECTROMETER	IQUANT	0	RE=0 or CS=1
IESTAB	IQUANT	0	I/E Stability
CASPEED	IQUANT	3	Control Amp Speed
CONVENTION	IQUANT	1	Current Convention
ICHRANGE	IQUANT	2	Ich Range
ICHRANGEMODE	TOGGLE	F	Ich Auto Range
ICHOFFSETENABLE	TOGGLE	T	Ich Offset Enable
ICHOFFSET	QUANT	0	Ich Offset (V)
ICHFILTER	IQUANT	3	Ich Filter
VCHRANGE	IQUANT	2	Vch Range
VCHRANGEMODE	TOGGLE	F	Vch Auto Range
VCHOFFSETENABLE	TOGGLE	T	Vch Offset Enable
VCHOFFSET	QUANT	0	Vch Offset (V)
VCHFILTER	IQUANT	3	Vch Filter
ACHRANGE	IQUANT	2	Ach Range
ACHOFFSETENABLE	TOGGLE	F	Ach Offset Enable
ACHOFFSET	QUANT	0	Ach Offset (V)
ACHFILTER	IQUANT	1	Ach Filter
IERANGELOWERLIMIT	IQUANT	1	I/E Range Lower Limit
IERANGEMODE	TOGGLE	F	I/E AutoRange
IERANGE	IQUANT	8	I/E Range
POSFEEDENABLE	TOGGLE	F	Positive Feedback IR Comp
POSFEEDRESISTANCE	QUANT	0	Positive Feedback Resistance (ohm)
ACHSELECT	IQUANT	4	Ach Select
SENSECABLEID	IQUANT	7	Sense Cable ID
PWRCABLEID	IQUANT	7	Power Cable ID
DCCALDATE	LABEL	4/20/2026	DC Calibration Date
ACCALDATE	LABEL	6/6/2024	AC Calibration Date
THERMOSELECT	IQUANT	1	Thermo Select
FRAMEWORKVERSION	LABEL	7.11.0	Framework Version
INSTRUMENTVERSION	LABEL	5.20	Instrument Version
COMMVERSION	LABEL	5.10	Communications Version
CPUPLDVERSION	LABEL	6.00	CPU PLD Version
CTRLPLDVERSION	LABEL	7.10	CTRL PLD Version
PSTATPLDVERSION	LABEL	8.13	PSTAT PLD Version
ZCURVE	TABLE
	Pt	Time	Freq	Zreal	Zimag	Zsig	Zmod	Zphz	Idc	Vdc	IERange	Imod	Vmod	Temp
	#	s	Hz	ohm	ohm	V	ohm	deg	A	V	#	A	V	degC
	0	2	1000078	1,192796	-2,159849	1	2,467328	-61,08994	-9,970301E-006	0,1623302	10	0,002123	0,0052935	-327,6705
	1	4	794390,6	1,202594	-2,98666	1	3,219685	-68,06756	-1,372921E-005	0,1623169	11	0,002186	0,0069812	-327,6705
	2	6	630984,4	1,243181	-3,967558	1	4,157766	-72,60233	-3,98888E-007	0,1623687	9	0,0023977	0,0100042	-327,6705
	3	8	501234,4	1,270639	-5,147826	1	5,302323	-76,13482	-6,885257E-007	0,1623663	9	0,0031583	0,0167836	-327,6705
	4	9	398109,4	1,306406	-6,594873	1	6,723023	-78,7951	-6,512455E-007	0,1623708	9	0,0025131	0,0169197	-327,6705
	5	11	316265,6	1,351118	-8,380294	1	8,488513	-80,84126	-4,023095E-007	0,1623723	9	0,0020385	0,0173195	-327,6705
	6	13	251203,1	1,417079	-10,59646	1	10,69079	-82,38295	-3,875193E-007	0,1623729	9	0,0016986	0,0181691	-327,6705
	7	15	199546,9	1,496225	-13,35825	1	13,44178	-83,60908	-6,287528E-007	0,1623809	9	0,0014499	0,0194959	-327,6705
	8	16	158578,1	1,601748	-16,80716	1	16,88331	-84,55607	-4,983524E-007	0,1623808	9	0,0011229	0,0189632	-327,6705
	9	18	125953,1	1,752776	-21,12136	1	21,19396	-85,25613	-3,837088E-007	0,1623684	9	0,0005178	0,0109758	-327,6705
	10	20	100078,1	1,912546	-26,49329	1	26,56223	-85,87099	1,020094E-006	0,1623573	9	0,0002911	0,0077449	-327,6705
	11	22	79453,13	2,172519	-33,23019	1	33,30113	-86,25945	1,142486E-006	0,1623525	9	0,0002571	0,0085691	-327,6705
	12	23	63140,62	2,451181	-41,67538	1	41,74741	-86,63396	9,027576E-008	0,1623627	8	0,0003983	0,0166374	-327,6705
	13	25	50203,12	2,848659	-52,1828	1	52,2605	-86,87533	1,280242E-007	0,1623631	8	0,0001777	0,0092875	-327,6705
	14	27	39890,62	3,46647	-65,37695	1	65,46878	-86,96486	9,082737E-008	0,1623596	8	9,090454E-005	0,0059524	-327,6705
	15	29	31640,63	4,06778	-82,08683	1	82,18755	-87,16305	1,234793E-007	0,1623631	8	9,483956E-005	0,0077955	-327,6705
	16	30	25171,88	5,058589	-102,5175	1	102,6423	-87,17511	1,255378E-007	0,1623658	8	8,519882E-005	0,0087456	-327,6705
	17	32	20015,62	6,193175	-128,2828	1	128,4322	-87,23605	1,316174E-007	0,1623576	8	7,204313E-005	0,009253	-327,6705
	18	34	15890,62	7,820051	-160,8776	1	161,0676	-87,21712	2,490196E-007	0,1623662	8	5,910567E-005	0,0095202	-327,6705
	19	36	12609,38	10,02627	-201,4351	1	201,6844	-87,1505	1,808636E-007	0,1623623	8	4,814753E-005	0,0097108	-327,6705
	20	37	10078,13	12,548	-250,0062	1	250,3209	-87,12669	1,34284E-007	0,1623657	8	3,926356E-005	0,0098286	-327,6705
	21	39	8015,625	15,66024	-312,9126	1	313,3042	-87,13493	1,629302E-007	0,1623642	8	3,157292E-005	0,009892	-327,6705
	22	41	6328,125	20,97424	-393,4797	1	394,0383	-86,94877	-4,54867E-008	0,1623678	7	2,808712E-005	0,0110674	-327,6705
	23	42	5015,625	27,14894	-492,3882	1	493,136	-86,84406	-4,891803E-008	0,1623694	7	1,935329E-005	0,0095438	-327,6705
	24	44	3984,375	34,0883	-615,2612	1	616,2048	-86,82879	-4,166565E-008	0,1623649	7	1,578291E-005	0,0097255	-327,6705
	25	46	3170,956	44,37749	-768,5544	1	769,8345	-86,69533	-3,982065E-008	0,1623681	7	1,277362E-005	0,0098336	-327,6705
	26	48	2527,573	57,20913	-953,768	1	955,482	-86,56738	-3,008679E-008	0,1623716	7	1,03539E-005	0,009893	-327,6705
	27	49	1976,103	74,77491	-1209,209	1	1211,519	-86,46146	-5,405575E-008	0,1623705	7	8,192554E-006	0,0099254	-327,6705
	28	51	1577,524	100,1463	-1495,863	1	1499,211	-86,16983	-3,832128E-008	0,1623708	7	6,642971E-006	0,0099592	-327,6705
	29	53	1265,625	127,3375	-1851,19	1	1855,564	-86,065	-4,654608E-008	0,16237	7	5,372761E-006	0,0099695	-327,6705
	30	55	998,264	159,5519	-2325,944	1	2331,41	-86,07585	-3,807344E-008	0,1623628	7	4,283502E-006	0,0099866	-327,6705
	31	56	796,875	207,7679	-2895,63	1	2903,074	-85,89594	-3,84069E-008	0,1623753	7	3,44012E-006	0,0099869	-327,6705
	32	58	627,7902	286,6815	-3619,143	1	3630,48	-85,47092	-6,920988E-009	0,1623634	6	2,779496E-006	0,0100909	-327,6705
	33	60	505,5147	362,1128	-4451,107	1	4465,812	-85,34904	3,757412E-010	0,1623809	6	2,163305E-006	0,0096651	-327,6705
	34	61	397,9953	474,8887	-5585,026	1	5605,18	-85,13989	6,697931E-011	0,1623792	6	1,810839E-006	0,0101541	-327,6705
	35	63	315,5048	618,2172	-6957,527	1	6984,939	-84,92227	3,093366E-010	0,1623705	6	1,439092E-006	0,0100549	-327,6705
	36	65	252,4038	798,7461	-8587,539	1	8624,605	-84,68608	-1,025364E-010	0,1623747	6	1,161082E-006	0,0100159	-327,6705
	37	67	198,6229	1051,25	-10759,46	1	10810,69	-84,41965	2,254419E-010	0,1623769	6	9,252844E-007	0,0100043	-327,6705
	38	68	158,3615	1366,119	-13306,47	1	13376,41	-84,13822	-2,060845E-010	0,1623662	6	7,474512E-007	0,0099991	-327,6705
	39	70	125,558	1784,04	-16532,23	1	16628,21	-83,84089	3,076259E-010	0,1623767	6	6,011096E-007	0,0099959	-327,6705
	40	72	100,4464	2306,933	-20343,97	1	20474,35	-83,5305	-2,528977E-010	0,1623709	6	4,882327E-007	0,0099966	-327,6705
	41	73	79,00281	3049,281	-25418,99	1	25601,24	-83,15945	-5,494227E-011	0,1623709	6	3,903313E-007	0,0099932	-327,6705
	42	75	63,3446	3935,756	-31186,14	1	31433,51	-82,80717	-1,381656E-010	0,1623734	6	3,178615E-007	0,0099916	-327,6705
	43	77	50,22321	5284,79	-38442,59	1	38804,14	-82,17249	-8,716516E-011	0,1623874	5	2,568223E-007	0,009966	-327,6705
	44	79	38,42213	6979,055	-49246,56	1	49738,62	-81,93395	-4,035472E-011	0,1624001	5	1,99666E-007	0,0099312	-327,6705
	45	80	31,25	8933,731	-59429,71	1	60097,44	-81,45107	2,168699E-011	0,1624124	5	1,643548E-007	0,0098774	-327,6705
	46	82	24,93351	11542,41	-72857,66	1	73766,3	-80,99779	8,840739E-011	0,1624081	5	1,31562E-007	0,0097049	-327,6705
	47	84	19,86229	14784,17	-89175,17	1	90392,38	-80,58667	-1,287082E-011	0,1624134	5	1,170552E-007	0,0105809	-327,6705
	48	86	15,625	19771,94	-110888,4	1	112637,4	-79,89013	-3,271967E-010	0,162425	5	8,872792E-008	0,0099941	-327,6705
	49	87	12,40079	25606,02	-135780,6	1	138173,9	-79,32037	-1,865312E-010	0,1624233	5	7,237014E-008	0,0099997	-327,6705
	50	89	9,93114	33087,34	-165022,8	1	168307,2	-78,66244	-1,371646E-010	0,162423	5	5,945865E-008	0,0100073	-327,6705
	51	91	7,944915	42767,84	-200449,9	1	204961,5	-77,956	-1,4031E-010	0,1624252	5	4,877908E-008	0,0099978	-327,6705
	52	93	6,317385	55255,18	-243789,8	1	249973,2	-77,22961	-6,427259E-011	0,1624224	5	4,00356E-008	0,0100078	-327,6705
	53	95	5,008013	71947,87	-296997,2	1	305587,7	-76,38238	-4,456682E-011	0,1624284	5	3,271613E-008	0,0099976	-327,6705
	54	98	3,945707	94041,81	-362785,9	1	374776,5	-75,46758	-4,604236E-011	0,1624328	4	2,660465E-008	0,0099708	-327,6705
	55	101	3,158693	120468,5	-435871,5	1	452213,1	-74,54998	-2,841367E-011	0,1624306	4	2,214341E-008	0,0100135	-327,6705
	56	104	2,504006	155901,5	-526604,3	1	549197	-73,50858	-3,904657E-011	0,1624324	4	1,763686E-008	0,0097447	-327,6705
	57	108	1,998082	199483,6	-630489,1	1	661294,4	-72,44289	-3,315467E-011	0,1624302	4	1,531323E-008	0,0101652	-327,6705
	58	113	1,584686	256224,8	-755791,1	1	798042,1	-71,27255	-2,502814E-011	0,1624295	4	1,258387E-008	0,0100663	-327,6705
	59	118	1,266892	325328,1	-896888,4	1	954069	-70,06278	-1,999165E-011	0,162433	4	1,049472E-008	0,0100277	-327,6705
	60	124	0,999041	417298	-1070994	1	1149420	-68,71231	-2,169068E-011	0,1624361	4	8,702528E-009	0,0100121	-327,6705
	61	130	0,7923428	530052,3	-1267015	1	1373420	-67,29814	-1,540894E-011	0,1624352	4	7,278358E-009	0,010002	-327,6705
	62	137	0,6334459	664841,8	-1483071	1	1625274	-65,85392	-9,927427E-012	0,1624411	4	6,152632E-009	0,0100034	-327,6705
	63	146	0,5040323	833145,8	-1732151	1	1922103	-64,31296	-4,3744E-012	0,1624403	4	5,201883E-009	0,0100009	-327,6705
	64	156	0,400641	1039482	-2013214	1	2265735	-62,69134	-5,885292E-013	0,1624473	4	4,412981E-009	0,0100001	-327,6705
	65	168	0,316723	1295326	-2333149	1	2668605	-60,96168	3,516902E-012	0,1624434	4	3,747498E-009	0,0100015	-327,6705
	66	182	0,2520161	1590201	-2668582	1	3106456	-59,2094	7,820772E-012	0,1624579	3	3,195553E-009	0,0099276	-327,6705
	67	200	0,2003205	1943742	-3041433	1	3609494	-57,41785	1,092394E-011	0,1624577	3	2,772994E-009	0,0100096	-327,6705
	68	222	0,1588983	2361937	-3446312	1	4178016	-55,57513	1,417565E-011	0,162456	3	2,39483E-009	0,0100059	-327,6705
	69	249	0,1260081	2847149	-3880089	1	4812624	-53,72936	1,444226E-011	0,1624524	3	2,079128E-009	0,0100063	-327,6705
	70	280	0,1001603	3399178	-4336627	1	5510058	-51,90959	6,908977E-012	0,1624568	3	1,816053E-009	0,0100067	-327,6705
	71	317	0,0794492	4031640	-4817891	1	6282212	-50,07721	3,778927E-012	0,1624566	3	1,592466E-009	0,0100043	-327,6705
	72	357	0,0631739	4734253	-5295044	1	7102861	-48,20037	2,486576E-011	0,1624564	3	1,408428E-009	0,0100039	-327,6705
	73	407	0,0501337	5523925	-5799467	1	8009217	-46,39396	3,219938E-011	0,1624569	3	1,249063E-009	0,010004	-327,6705
	74	469	0,0398258	6389547	-6308845	1	8979301	-44,63588	3,77206E-011	0,1624495	3	1,113984E-009	0,0100028	-327,6705
	75	546	0,0316296	7335850	-6826168	1	1,002054E+007	-42,93885	4,465815E-011	0,1624534	3	9,982766E-010	0,0100033	-327,6705
	76	643	0,0251206	8368975	-7353222	1	1,114045E+007	-41,30347	5,360346E-011	0,1624554	3	8,979916E-010	0,010004	-327,6705
	77	765	0,0199553	9483301	-7874964	1	1,232672E+007	-39,70635	6,046624E-011	0,1624467	3	8,113625E-010	0,0100014	-327,6705
	78	917	0,0158522	1,066186E+007	-8393299	1	1,356918E+007	-38,21076	6,697357E-011	0,1624424	3	7,370881E-010	0,0100017	-327,6705
	79	1108	0,0125907	1,194315E+007	-8926388	1	1,491037E+007	-36,77468	8,090711E-011	0,1624474	3	6,709411E-010	0,010004	-327,6705
	80	1349	0,0100011	1,330037E+007	-9444501	1	1,631252E+007	-35,3783	9,447423E-011	0,1624417	3	6,129537E-010	0,0099988	-327,6705
	81	1651	0,0079436	1,475472E+007	-9,96068E+006	1	1,780216E+007	-34,02267	1,120099E-010	0,1624387	3	5,619775E-010	0,0100044	-327,6705
	82	2030	0,0063097	1,628242E+007	-1,046924E+007	1	1,935774E+007	-32,74015	1,31055E-010	0,1624392	3	5,166503E-010	0,0100012	-327,6705
	83	2508	0,0050123	1,785799E+007	-1,091301E+007	1	2,092849E+007	-31,42909	1,45909E-010	0,1624432	3	4,77811E-010	0,0099999	-327,6705
	84	3108	0,0039812	1,955878E+007	-1,138786E+007	1	2,263248E+007	-30,20958	1,749771E-010	0,1624435	3	4,419582E-010	0,0100026	-327,6705
	85	3864	0,0031623	2,134452E+007	-1,177983E+007	1	2,437936E+007	-28,89387	2,023169E-010	0,1624401	3	4,10224E-010	0,010001	-327,6705
	86	4815	0,0025119	2,311153E+007	-1,212482E+007	1	2,609893E+007	-27,6825	2,953879E-010	0,1624346	3	3,831619E-010	0,0100001	-327,6705
	87	7205	0,0019953	2,502443E+007	-1,244984E+007	1	2,795033E+007	-26,45069	3,204741E-010	0,1624399	3	3,578361E-010	0,0100016	-327,6705
	88	8711	0,0015849	2,69595E+007	-1,267837E+007	1	2,979187E+007	-25,18641	3,47358E-010	0,1624416	3	3,357499E-010	0,0100026	-327,6705
EXPERIMENTABORTED	TOGGLE	T	Experiment Aborted
FRACURVE	TABLE	128
	Pt	T	V	I	OlCtrl	Overload
	#	S	V	A	bits	bits
	0	1,59486E+003	1,62775E-001	5,59343E-010	......	...........
	1	1,60106E+003	1,63467E-001	5,78920E-010	......	...........
	2	1,60727E+003	1,64157E-001	5,97985E-010	......	...........
	3	1,61347E+003	1,64844E-001	6,16809E-010	......	...........
	4	1,61968E+003	1,65526E-001	6,34856E-010	......	...........
	5	1,62588E+003	1,66200E-001	6,52535E-010	......	...........
	6	1,63209E+003	1,66863E-001	6,68678E-010	......	...........
	7	1,63830E+003	1,67515E-001	6,85753E-010	......	...........
	8	1,64450E+003	1,68156E-001	7,00393E-010	......	...........
	9	1,65071E+003	1,68786E-001	7,15139E-010	......	...........
	10	1,65691E+003	1,69398E-001	7,28623E-010	......	...........
	11	1,66312E+003	1,69992E-001	7,41391E-010	......	...........
	12	1,66932E+003	1,70568E-001	7,53105E-010	......	...........
	13	1,67553E+003	1,71125E-001	7,63925E-010	......	...........
	14	1,68174E+003	1,71663E-001	7,74250E-010	......	...........
	15	1,68794E+003	1,72178E-001	7,83232E-010	......	...........
	16	1,69415E+003	1,72670E-001	7,91124E-010	......	...........
	17	1,70035E+003	1,73138E-001	7,98367E-010	......	...........
	18	1,70656E+003	1,73576E-001	8,04004E-010	......	...........
	19	1,71276E+003	1,73993E-001	8,09455E-010	......	...........
	20	1,71897E+003	1,74379E-001	8,12546E-010	......	...........
	21	1,72518E+003	1,74733E-001	8,15499E-010	......	...........
	22	1,73138E+003	1,75060E-001	8,17169E-010	......	...........
	23	9,43261E+002	1,75361E-001	8,14735E-010	......	...........
	24	9,49467E+002	1,75626E-001	8,14034E-010	......	...........
	25	9,55673E+002	1,75862E-001	8,12794E-010	......	...........
	26	9,61878E+002	1,76063E-001	8,09734E-010	......	...........
	27	9,68084E+002	1,76236E-001	8,06750E-010	......	...........
	28	9,74290E+002	1,76371E-001	8,01885E-010	......	...........
	29	9,80495E+002	1,76472E-001	7,95642E-010	......	...........
	30	9,86701E+002	1,76543E-001	7,89286E-010	......	...........
	31	9,92907E+002	1,76579E-001	7,81421E-010	......	...........
	32	9,99112E+002	1,76581E-001	7,72481E-010	......	...........
	33	1,00532E+003	1,76544E-001	7,62734E-010	......	...........
	34	1,01152E+003	1,76476E-001	7,52047E-010	......	...........
	35	1,01773E+003	1,76379E-001	7,40477E-010	......	...........
	36	1,02393E+003	1,76243E-001	7,27292E-010	......	...........
	37	1,03014E+003	1,76077E-001	7,14020E-010	......	...........
	38	1,03635E+003	1,75877E-001	6,99589E-010	......	...........
	39	1,04255E+003	1,75641E-001	6,84215E-010	......	...........
	40	1,04876E+003	1,75375E-001	6,68967E-010	......	...........
	41	1,05496E+003	1,75079E-001	6,51801E-010	......	...........
	42	1,06117E+003	1,74751E-001	6,34607E-010	......	...........
	43	1,06737E+003	1,74395E-001	6,16525E-010	......	...........
	44	1,07358E+003	1,74011E-001	5,98073E-010	......	...........
	45	1,07979E+003	1,73596E-001	5,79253E-010	......	...........
	46	1,08599E+003	1,73158E-001	5,59336E-010	......	...........
	47	1,09220E+003	1,72695E-001	5,39569E-010	......	...........
	48	1,09840E+003	1,72206E-001	5,19028E-010	......	...........
	49	1,10461E+003	1,71693E-001	4,97864E-010	......	...........
	50	1,11081E+003	1,71153E-001	4,76848E-010	......	...........
	51	1,11702E+003	1,70598E-001	4,55240E-010	......	...........
	52	1,12323E+003	1,70018E-001	4,32909E-010	......	...........
	53	1,12943E+003	1,69425E-001	4,11963E-010	......	...........
	54	1,13564E+003	1,68814E-001	3,89833E-010	......	...........
	55	1,14184E+003	1,68185E-001	3,67500E-010	......	...........
	56	1,14805E+003	1,67543E-001	3,45767E-010	......	...........
	57	1,15425E+003	1,66887E-001	3,23408E-010	......	...........
	58	1,16046E+003	1,66227E-001	3,02434E-010	......	...........
	59	1,16667E+003	1,65555E-001	2,80085E-010	......	...........
	60	1,17287E+003	1,64871E-001	2,58816E-010	......	...........
	61	1,17908E+003	1,64186E-001	2,37488E-010	......	...........
	62	1,18528E+003	1,63495E-001	2,16569E-010	......	...........
	63	1,19149E+003	1,62803E-001	1,96169E-010	......	...........
	64	1,19769E+003	1,62112E-001	1,75935E-010	......	...........
	65	1,20390E+003	1,61416E-001	1,55898E-010	......	...........
	66	1,21010E+003	1,60721E-001	1,36578E-010	......	...........
	67	1,21631E+003	1,60036E-001	1,18404E-010	......	...........
	68	1,22252E+003	1,59360E-001	1,00501E-010	......	...........
	69	1,22872E+003	1,58688E-001	8,33530E-011	......	...........
	70	1,23493E+003	1,58022E-001	6,65920E-011	......	...........
	71	1,24113E+003	1,57368E-001	5,03198E-011	......	...........
	72	1,24734E+003	1,56729E-001	3,54089E-011	......	...........
	73	1,25354E+003	1,56099E-001	2,11423E-011	......	...........
	74	1,25975E+003	1,55489E-001	7,70310E-012	......	...........
	75	1,26596E+003	1,54892E-001	-5,49955E-012	......	...........
	76	1,27216E+003	1,54310E-001	-1,71924E-011	......	...........
	77	1,27837E+003	1,53755E-001	-2,79550E-011	......	...........
	78	1,28457E+003	1,53213E-001	-3,81752E-011	......	...........
	79	1,29078E+003	1,52701E-001	-4,67806E-011	......	...........
	80	1,29698E+003	1,52210E-001	-5,47535E-011	......	...........
	81	1,30319E+003	1,51744E-001	-6,16095E-011	......	...........
	82	1,30940E+003	1,51302E-001	-6,72927E-011	......	...........
	83	1,31560E+003	1,50892E-001	-7,20986E-011	......	...........
	84	1,32181E+003	1,50503E-001	-7,60940E-011	......	...........
	85	1,32801E+003	1,50143E-001	-7,89672E-011	......	...........
	86	1,33422E+003	1,49815E-001	-8,05858E-011	......	...........
	87	1,34042E+003	1,49523E-001	-8,02133E-011	......	...........
	88	1,34663E+003	1,49254E-001	-8,03489E-011	......	...........
	89	1,35284E+003	1,49019E-001	-7,81892E-011	......	...........
	90	1,35904E+003	1,48817E-001	-7,57667E-011	......	...........
	91	1,36525E+003	1,48647E-001	-7,19811E-011	......	...........
	92	1,37145E+003	1,48514E-001	-6,70079E-011	......	...........
	93	1,37766E+003	1,48413E-001	-6,10864E-011	......	...........
	94	1,38386E+003	1,48344E-001	-5,43912E-011	......	...........
	95	1,39007E+003	1,48307E-001	-4,65300E-011	......	...........
	96	1,39628E+003	1,48307E-001	-3,75013E-011	......	...........
	97	1,40248E+003	1,48338E-001	-2,78776E-011	......	...........
	98	1,40869E+003	1,48402E-001	-1,69068E-011	......	...........
	99	1,41489E+003	1,48506E-001	-4,61375E-012	......	...........
	100	1,42110E+003	1,48639E-001	7,57168E-012	......	...........
	101	1,42730E+003	1,48807E-001	2,10988E-011	......	...........
	102	1,43351E+003	1,49008E-001	3,61087E-011	......	...........
	103	1,43971E+003	1,49239E-001	5,09436E-011	......	...........
	104	1,44592E+003	1,49506E-001	6,71145E-011	......	...........
	105	1,45213E+003	1,49803E-001	8,38323E-011	......	...........
	106	1,45833E+003	1,50130E-001	1,01312E-010	......	...........
	107	1,46454E+003	1,50488E-001	1,19319E-010	......	...........
	108	1,47074E+003	1,50872E-001	1,37808E-010	......	...........
	109	1,47695E+003	1,51286E-001	1,57109E-010	......	...........
	110	1,48315E+003	1,51724E-001	1,76784E-010	......	...........
	111	1,48936E+003	1,52188E-001	1,97118E-010	......	...........
	112	1,49557E+003	1,52679E-001	2,17567E-010	......	...........
	113	1,50177E+003	1,53193E-001	2,38753E-010	......	...........
	114	1,50798E+003	1,53729E-001	2,60159E-010	......	...........
	115	1,51418E+003	1,54289E-001	2,81880E-010	......	...........
	116	1,52039E+003	1,54870E-001	3,03666E-010	......	...........
	117	1,52659E+003	1,55466E-001	3,25583E-010	......	...........
	118	1,53280E+003	1,56073E-001	3,47220E-010	......	...........
	119	1,53901E+003	1,56702E-001	3,69642E-010	......	...........
	120	1,54521E+003	1,57342E-001	3,91920E-010	......	...........
	121	1,55142E+003	1,57995E-001	4,13727E-010	......	...........
	122	1,55762E+003	1,58660E-001	4,36395E-010	......	...........
	123	1,56383E+003	1,59330E-001	4,57423E-010	......	...........
	124	1,57003E+003	1,60013E-001	4,79175E-010	......	...........
	125	1,57624E+003	1,60697E-001	5,00553E-010	......	...........
	126	1,58244E+003	1,61390E-001	5,21849E-010	......	...........
	127	1,58865E+003	1,62083E-001	5,42051E-010	......	...........
